l,i,k,la_value
0,0,5,0
0,0,5,0
0,0,5,0
0,0,5,0
0,0,5,0
0,1,5,0
0,1,5,0
0,1,5,0
0,1,5,0
0,1,5,0
0,2,5,0
0,2,5,0
0,2,5,0
0,2,5,0
0,2,5,0
0,3,5,0
0,3,5,0
0,3,5,0
0,3,5,0
0,3,5,0
0,4,5,0
0,4,5,0
0,4,5,0
0,4,5,0
0,4,5,0
0,5,5,0
0,5,5,0
0,5,5,0
0,5,5,0
0,5,5,0
0,6,5,1
0,6,5,0
0,6,5,0
0,6,5,0
0,6,5,0
0,7,5,0
0,7,5,0
0,7,5,0
0,7,5,0
0,7,5,0
0,8,5,0
0,8,5,0
0,8,5,0
0,8,5,0
0,8,5,0
0,9,5,0
0,9,5,0
0,9,5,0
0,9,5,0
0,9,5,0
0,10,5,0
0,10,5,0
0,10,5,1
0,10,5,0
0,10,5,0
0,11,5,0
0,11,5,0
0,11,5,0
0,11,5,0
0,11,5,0
1,0,5,0
1,0,5,0
1,0,5,0
1,0,5,0
1,0,5,0
1,1,5,0
1,1,5,0
1,1,5,0
1,1,5,0
1,1,5,0
1,2,5,1
1,2,5,0
1,2,5,0
1,2,5,0
1,2,5,0
1,3,5,0
1,3,5,0
1,3,5,0
1,3,5,0
1,3,5,0
1,4,5,0
1,4,5,0
1,4,5,0
1,4,5,0
1,4,5,0
1,5,5,0
1,5,5,0
1,5,5,0
1,5,5,0
1,5,5,0
1,6,5,0
1,6,5,0
1,6,5,0
1,6,5,0
1,6,5,0
1,7,5,0
1,7,5,0
1,7,5,0
1,7,5,0
1,7,5,0
1,8,5,0
1,8,5,0
1,8,5,0
1,8,5,0
1,8,5,0
1,9,5,0
1,9,5,0
1,9,5,0
1,9,5,0
1,9,5,0
1,10,5,0
1,10,5,0
1,10,5,0
1,10,5,0
1,10,5,0
1,11,5,0
1,11,5,0
1,11,5,0
1,11,5,0
1,11,5,0
2,0,5,0
2,0,5,0
2,0,5,0
2,0,5,0
2,0,5,0
2,1,5,0
2,1,5,0
2,1,5,0
2,1,5,0
2,1,5,0
2,2,5,0
2,2,5,0
2,2,5,0
2,2,5,0
2,2,5,1
2,3,5,0
2,3,5,0
2,3,5,0
2,3,5,0
2,3,5,0
2,4,5,0
2,4,5,0
2,4,5,0
2,4,5,0
2,4,5,0
2,5,5,0
2,5,5,0
2,5,5,1
2,5,5,0
2,5,5,0
2,6,5,0
2,6,5,0
2,6,5,0
2,6,5,0
2,6,5,0
2,7,5,0
2,7,5,0
2,7,5,0
2,7,5,0
2,7,5,0
2,8,5,0
2,8,5,0
2,8,5,0
2,8,5,0
2,8,5,0
2,9,5,0
2,9,5,0
2,9,5,0
2,9,5,0
2,9,5,0
2,10,5,0
2,10,5,0
2,10,5,0
2,10,5,0
2,10,5,0
2,11,5,0
2,11,5,0
2,11,5,1
2,11,5,0
2,11,5,0
3,0,5,0
3,0,5,0
3,0,5,0
3,0,5,0
3,0,5,0
3,1,5,0
3,1,5,0
3,1,5,0
3,1,5,0
3,1,5,0
3,2,5,0
3,2,5,0
3,2,5,0
3,2,5,0
3,2,5,0
3,3,5,1
3,3,5,0
3,3,5,0
3,3,5,0
3,3,5,0
3,4,5,0
3,4,5,0
3,4,5,0
3,4,5,0
3,4,5,0
3,5,5,0
3,5,5,0
3,5,5,0
3,5,5,0
3,5,5,0
3,6,5,0
3,6,5,0
3,6,5,0
3,6,5,0
3,6,5,0
3,7,5,0
3,7,5,0
3,7,5,0
3,7,5,0
3,7,5,0
3,8,5,0
3,8,5,0
3,8,5,0
3,8,5,0
3,8,5,0
3,9,5,0
3,9,5,0
3,9,5,0
3,9,5,0
3,9,5,0
3,10,5,0
3,10,5,0
3,10,5,0
3,10,5,0
3,10,5,0
3,11,5,0
3,11,5,0
3,11,5,0
3,11,5,0
3,11,5,0
4,0,5,0
4,0,5,0
4,0,5,0
4,0,5,0
4,0,5,0
4,1,5,0
4,1,5,0
4,1,5,0
4,1,5,0
4,1,5,0
4,2,5,0
4,2,5,0
4,2,5,0
4,2,5,0
4,2,5,0
4,3,5,0
4,3,5,0
4,3,5,0
4,3,5,0
4,3,5,0
4,4,5,1
4,4,5,0
4,4,5,0
4,4,5,0
4,4,5,0
4,5,5,0
4,5,5,0
4,5,5,0
4,5,5,0
4,5,5,0
4,6,5,0
4,6,5,0
4,6,5,0
4,6,5,0
4,6,5,0
4,7,5,0
4,7,5,0
4,7,5,0
4,7,5,0
4,7,5,0
4,8,5,0
4,8,5,0
4,8,5,0
4,8,5,0
4,8,5,0
4,9,5,0
4,9,5,0
4,9,5,0
4,9,5,0
4,9,5,0
4,10,5,0
4,10,5,0
4,10,5,0
4,10,5,0
4,10,5,0
4,11,5,0
4,11,5,0
4,11,5,0
4,11,5,0
4,11,5,0
5,0,5,0
5,0,5,0
5,0,5,0
5,0,5,0
5,0,5,0
5,1,5,0
5,1,5,0
5,1,5,0
5,1,5,0
5,1,5,0
5,2,5,0
5,2,5,0
5,2,5,0
5,2,5,0
5,2,5,0
5,3,5,0
5,3,5,0
5,3,5,0
5,3,5,0
5,3,5,0
5,4,5,0
5,4,5,0
5,4,5,0
5,4,5,1
5,4,5,0
5,5,5,0
5,5,5,0
5,5,5,0
5,5,5,0
5,5,5,0
5,6,5,0
5,6,5,0
5,6,5,0
5,6,5,0
5,6,5,0
5,7,5,0
5,7,5,0
5,7,5,0
5,7,5,0
5,7,5,0
5,8,5,0
5,8,5,0
5,8,5,0
5,8,5,0
5,8,5,0
5,9,5,0
5,9,5,0
5,9,5,0
5,9,5,0
5,9,5,0
5,10,5,0
5,10,5,0
5,10,5,0
5,10,5,0
5,10,5,0
5,11,5,0
5,11,5,0
5,11,5,0
5,11,5,0
5,11,5,0
6,0,5,0
6,0,5,0
6,0,5,1
6,0,5,0
6,0,5,0
6,1,5,0
6,1,5,0
6,1,5,0
6,1,5,0
6,1,5,0
6,2,5,0
6,2,5,0
6,2,5,0
6,2,5,0
6,2,5,0
6,3,5,0
6,3,5,0
6,3,5,0
6,3,5,0
6,3,5,0
6,4,5,0
6,4,5,0
6,4,5,0
6,4,5,0
6,4,5,0
6,5,5,0
6,5,5,0
6,5,5,0
6,5,5,0
6,5,5,0
6,6,5,0
6,6,5,0
6,6,5,0
6,6,5,0
6,6,5,0
6,7,5,0
6,7,5,0
6,7,5,0
6,7,5,0
6,7,5,0
6,8,5,1
6,8,5,0
6,8,5,0
6,8,5,0
6,8,5,0
6,9,5,0
6,9,5,0
6,9,5,0
6,9,5,0
6,9,5,0
6,10,5,0
6,10,5,0
6,10,5,0
6,10,5,0
6,10,5,0
6,11,5,0
6,11,5,1
6,11,5,0
6,11,5,0
6,11,5,0
7,0,5,0
7,0,5,0
7,0,5,0
7,0,5,0
7,0,5,0
7,1,5,0
7,1,5,0
7,1,5,0
7,1,5,0
7,1,5,0
7,2,5,0
7,2,5,0
7,2,5,0
7,2,5,0
7,2,5,0
7,3,5,0
7,3,5,0
7,3,5,0
7,3,5,0
7,3,5,0
7,4,5,0
7,4,5,0
7,4,5,0
7,4,5,0
7,4,5,0
7,5,5,0
7,5,5,1
7,5,5,0
7,5,5,0
7,5,5,0
7,6,5,0
7,6,5,0
7,6,5,0
7,6,5,0
7,6,5,0
7,7,5,0
7,7,5,0
7,7,5,0
7,7,5,0
7,7,5,0
7,8,5,0
7,8,5,0
7,8,5,0
7,8,5,0
7,8,5,0
7,9,5,0
7,9,5,0
7,9,5,0
7,9,5,0
7,9,5,0
7,10,5,0
7,10,5,0
7,10,5,0
7,10,5,0
7,10,5,0
7,11,5,0
7,11,5,0
7,11,5,0
7,11,5,0
7,11,5,0
8,0,5,0
8,0,5,0
8,0,5,0
8,0,5,0
8,0,5,0
8,1,5,0
8,1,5,0
8,1,5,0
8,1,5,0
8,1,5,0
8,2,5,0
8,2,5,0
8,2,5,0
8,2,5,0
8,2,5,0
8,3,5,0
8,3,5,0
8,3,5,0
8,3,5,0
8,3,5,0
8,4,5,0
8,4,5,0
8,4,5,0
8,4,5,0
8,4,5,0
8,5,5,0
8,5,5,0
8,5,5,0
8,5,5,0
8,5,5,0
8,6,5,0
8,6,5,0
8,6,5,0
8,6,5,0
8,6,5,0
8,7,5,0
8,7,5,0
8,7,5,0
8,7,5,0
8,7,5,0
8,8,5,0
8,8,5,0
8,8,5,0
8,8,5,0
8,8,5,0
8,9,5,0
8,9,5,0
8,9,5,0
8,9,5,0
8,9,5,0
8,10,5,0
8,10,5,0
8,10,5,0
8,10,5,0
8,10,5,0
8,11,5,0
8,11,5,0
8,11,5,0
8,11,5,1
8,11,5,0
9,0,5,0
9,0,5,0
9,0,5,0
9,0,5,0
9,0,5,0
9,1,5,0
9,1,5,0
9,1,5,0
9,1,5,0
9,1,5,0
9,2,5,0
9,2,5,0
9,2,5,0
9,2,5,0
9,2,5,0
9,3,5,0
9,3,5,0
9,3,5,0
9,3,5,0
9,3,5,0
9,4,5,0
9,4,5,0
9,4,5,0
9,4,5,0
9,4,5,0
9,5,5,0
9,5,5,0
9,5,5,0
9,5,5,0
9,5,5,0
9,6,5,0
9,6,5,0
9,6,5,0
9,6,5,0
9,6,5,0
9,7,5,0
9,7,5,0
9,7,5,0
9,7,5,0
9,7,5,0
9,8,5,0
9,8,5,0
9,8,5,0
9,8,5,0
9,8,5,0
9,9,5,0
9,9,5,0
9,9,5,0
9,9,5,0
9,9,5,0
9,10,5,0
9,10,5,0
9,10,5,0
9,10,5,0
9,10,5,0
9,11,5,0
9,11,5,0
9,11,5,0
9,11,5,0
9,11,5,0
10,0,5,0
10,0,5,0
10,0,5,0
10,0,5,0
10,0,5,0
10,1,5,0
10,1,5,0
10,1,5,0
10,1,5,0
10,1,5,0
10,2,5,0
10,2,5,0
10,2,5,0
10,2,5,0
10,2,5,0
10,3,5,0
10,3,5,0
10,3,5,0
10,3,5,0
10,3,5,0
10,4,5,0
10,4,5,0
10,4,5,0
10,4,5,0
10,4,5,0
10,5,5,0
10,5,5,0
10,5,5,0
10,5,5,0
10,5,5,0
10,6,5,0
10,6,5,0
10,6,5,0
10,6,5,0
10,6,5,0
10,7,5,0
10,7,5,0
10,7,5,0
10,7,5,0
10,7,5,0
10,8,5,0
10,8,5,0
10,8,5,0
10,8,5,0
10,8,5,0
10,9,5,0
10,9,5,0
10,9,5,0
10,9,5,0
10,9,5,0
10,10,5,0
10,10,5,0
10,10,5,0
10,10,5,0
10,10,5,0
10,11,5,0
10,11,5,0
10,11,5,0
10,11,5,0
10,11,5,0
11,0,5,0
11,0,5,0
11,0,5,0
11,0,5,0
11,0,5,0
11,1,5,0
11,1,5,0
11,1,5,0
11,1,5,0
11,1,5,0
11,2,5,0
11,2,5,0
11,2,5,0
11,2,5,0
11,2,5,0
11,3,5,0
11,3,5,0
11,3,5,0
11,3,5,0
11,3,5,0
11,4,5,0
11,4,5,0
11,4,5,0
11,4,5,0
11,4,5,0
11,5,5,0
11,5,5,0
11,5,5,0
11,5,5,0
11,5,5,0
11,6,5,0
11,6,5,0
11,6,5,0
11,6,5,0
11,6,5,0
11,7,5,0
11,7,5,0
11,7,5,0
11,7,5,0
11,7,5,0
11,8,5,0
11,8,5,0
11,8,5,0
11,8,5,0
11,8,5,0
11,9,5,0
11,9,5,0
11,9,5,0
11,9,5,0
11,9,5,0
11,10,5,0
11,10,5,0
11,10,5,0
11,10,5,0
11,10,5,0
11,11,5,0
11,11,5,0
11,11,5,0
11,11,5,0
11,11,5,0
12,0,5,1
12,0,5,0
12,0,5,0
12,0,5,0
12,0,5,0
12,1,5,0
12,1,5,0
12,1,5,0
12,1,5,0
12,1,5,0
12,2,5,0
12,2,5,0
12,2,5,0
12,2,5,0
12,2,5,0
12,3,5,0
12,3,5,0
12,3,5,0
12,3,5,0
12,3,5,0
12,4,5,0
12,4,5,0
12,4,5,0
12,4,5,0
12,4,5,0
12,5,5,0
12,5,5,0
12,5,5,0
12,5,5,0
12,5,5,0
12,6,5,1
12,6,5,0
12,6,5,0
12,6,5,0
12,6,5,0
12,7,5,0
12,7,5,0
12,7,5,0
12,7,5,0
12,7,5,0
12,8,5,0
12,8,5,0
12,8,5,0
12,8,5,0
12,8,5,0
12,9,5,0
12,9,5,0
12,9,5,0
12,9,5,0
12,9,5,0
12,10,5,0
12,10,5,0
12,10,5,0
12,10,5,0
12,10,5,0
12,11,5,0
12,11,5,0
12,11,5,0
12,11,5,0
12,11,5,1
13,0,5,0
13,0,5,0
13,0,5,0
13,0,5,0
13,0,5,0
13,1,5,0
13,1,5,0
13,1,5,0
13,1,5,0
13,1,5,0
13,2,5,0
13,2,5,0
13,2,5,0
13,2,5,0
13,2,5,0
13,3,5,0
13,3,5,0
13,3,5,0
13,3,5,0
13,3,5,0
13,4,5,0
13,4,5,0
13,4,5,0
13,4,5,0
13,4,5,0
13,5,5,0
13,5,5,0
13,5,5,0
13,5,5,0
13,5,5,0
13,6,5,0
13,6,5,0
13,6,5,0
13,6,5,1
13,6,5,0
13,7,5,0
13,7,5,0
13,7,5,0
13,7,5,0
13,7,5,0
13,8,5,0
13,8,5,0
13,8,5,0
13,8,5,0
13,8,5,0
13,9,5,0
13,9,5,0
13,9,5,0
13,9,5,0
13,9,5,0
13,10,5,0
13,10,5,0
13,10,5,0
13,10,5,0
13,10,5,0
13,11,5,0
13,11,5,0
13,11,5,0
13,11,5,0
13,11,5,0
14,0,5,0
14,0,5,0
14,0,5,0
14,0,5,0
14,0,5,0
14,1,5,0
14,1,5,0
14,1,5,0
14,1,5,1
14,1,5,0
14,2,5,0
14,2,5,0
14,2,5,0
14,2,5,0
14,2,5,0
14,3,5,0
14,3,5,0
14,3,5,0
14,3,5,0
14,3,5,0
14,4,5,0
14,4,5,0
14,4,5,0
14,4,5,0
14,4,5,0
14,5,5,0
14,5,5,0
14,5,5,0
14,5,5,0
14,5,5,0
14,6,5,0
14,6,5,0
14,6,5,0
14,6,5,0
14,6,5,0
14,7,5,0
14,7,5,0
14,7,5,0
14,7,5,0
14,7,5,0
14,8,5,0
14,8,5,0
14,8,5,0
14,8,5,0
14,8,5,0
14,9,5,0
14,9,5,0
14,9,5,0
14,9,5,0
14,9,5,0
14,10,5,0
14,10,5,0
14,10,5,0
14,10,5,0
14,10,5,0
14,11,5,0
14,11,5,0
14,11,5,0
14,11,5,0
14,11,5,0
15,0,5,0
15,0,5,0
15,0,5,0
15,0,5,0
15,0,5,0
15,1,5,0
15,1,5,0
15,1,5,0
15,1,5,0
15,1,5,0
15,2,5,0
15,2,5,1
15,2,5,0
15,2,5,0
15,2,5,0
15,3,5,0
15,3,5,1
15,3,5,0
15,3,5,0
15,3,5,0
15,4,5,1
15,4,5,0
15,4,5,0
15,4,5,0
15,4,5,0
15,5,5,0
15,5,5,0
15,5,5,0
15,5,5,0
15,5,5,0
15,6,5,0
15,6,5,0
15,6,5,0
15,6,5,0
15,6,5,0
15,7,5,0
15,7,5,0
15,7,5,0
15,7,5,0
15,7,5,0
15,8,5,0
15,8,5,0
15,8,5,0
15,8,5,0
15,8,5,0
15,9,5,0
15,9,5,0
15,9,5,0
15,9,5,0
15,9,5,0
15,10,5,0
15,10,5,0
15,10,5,0
15,10,5,0
15,10,5,0
15,11,5,0
15,11,5,0
15,11,5,0
15,11,5,0
15,11,5,0
16,0,5,0
16,0,5,0
16,0,5,0
16,0,5,0
16,0,5,0
16,1,5,0
16,1,5,0
16,1,5,0
16,1,5,0
16,1,5,0
16,2,5,0
16,2,5,0
16,2,5,0
16,2,5,0
16,2,5,0
16,3,5,0
16,3,5,0
16,3,5,0
16,3,5,0
16,3,5,1
16,4,5,1
16,4,5,0
16,4,5,0
16,4,5,0
16,4,5,0
16,5,5,0
16,5,5,0
16,5,5,0
16,5,5,0
16,5,5,0
16,6,5,0
16,6,5,0
16,6,5,0
16,6,5,0
16,6,5,0
16,7,5,0
16,7,5,0
16,7,5,0
16,7,5,0
16,7,5,0
16,8,5,0
16,8,5,0
16,8,5,0
16,8,5,0
16,8,5,0
16,9,5,0
16,9,5,0
16,9,5,0
16,9,5,0
16,9,5,0
16,10,5,0
16,10,5,0
16,10,5,0
16,10,5,0
16,10,5,0
16,11,5,0
16,11,5,0
16,11,5,0
16,11,5,0
16,11,5,0
17,0,5,0
17,0,5,0
17,0,5,0
17,0,5,0
17,0,5,0
17,1,5,0
17,1,5,0
17,1,5,0
17,1,5,0
17,1,5,0
17,2,5,0
17,2,5,0
17,2,5,0
17,2,5,0
17,2,5,0
17,3,5,1
17,3,5,0
17,3,5,0
17,3,5,0
17,3,5,0
17,4,5,0
17,4,5,0
17,4,5,0
17,4,5,1
17,4,5,0
17,5,5,0
17,5,5,0
17,5,5,0
17,5,5,0
17,5,5,0
17,6,5,0
17,6,5,0
17,6,5,0
17,6,5,0
17,6,5,0
17,7,5,0
17,7,5,0
17,7,5,0
17,7,5,0
17,7,5,0
17,8,5,0
17,8,5,0
17,8,5,0
17,8,5,0
17,8,5,0
17,9,5,0
17,9,5,0
17,9,5,1
17,9,5,0
17,9,5,0
17,10,5,0
17,10,5,0
17,10,5,0
17,10,5,0
17,10,5,0
17,11,5,0
17,11,5,0
17,11,5,0
17,11,5,0
17,11,5,0
18,0,5,0
18,0,5,0
18,0,5,0
18,0,5,0
18,0,5,0
18,1,5,0
18,1,5,0
18,1,5,0
18,1,5,0
18,1,5,0
18,2,5,0
18,2,5,1
18,2,5,0
18,2,5,0
18,2,5,0
18,3,5,0
18,3,5,1
18,3,5,0
18,3,5,0
18,3,5,0
18,4,5,0
18,4,5,0
18,4,5,0
18,4,5,0
18,4,5,0
18,5,5,1
18,5,5,0
18,5,5,0
18,5,5,0
18,5,5,0
18,6,5,1
18,6,5,0
18,6,5,0
18,6,5,0
18,6,5,0
18,7,5,0
18,7,5,0
18,7,5,0
18,7,5,0
18,7,5,0
18,8,5,0
18,8,5,0
18,8,5,0
18,8,5,0
18,8,5,0
18,9,5,0
18,9,5,1
18,9,5,0
18,9,5,0
18,9,5,0
18,10,5,0
18,10,5,0
18,10,5,0
18,10,5,0
18,10,5,0
18,11,5,0
18,11,5,0
18,11,5,0
18,11,5,0
18,11,5,0
19,0,5,0
19,0,5,0
19,0,5,0
19,0,5,0
19,0,5,0
19,1,5,0
19,1,5,0
19,1,5,0
19,1,5,0
19,1,5,0
19,2,5,0
19,2,5,0
19,2,5,0
19,2,5,0
19,2,5,0
19,3,5,0
19,3,5,0
19,3,5,0
19,3,5,0
19,3,5,0
19,4,5,1
19,4,5,0
19,4,5,0
19,4,5,0
19,4,5,0
19,5,5,0
19,5,5,0
19,5,5,0
19,5,5,0
19,5,5,0
19,6,5,1
19,6,5,0
19,6,5,0
19,6,5,0
19,6,5,0
19,7,5,0
19,7,5,0
19,7,5,0
19,7,5,0
19,7,5,0
19,8,5,1
19,8,5,0
19,8,5,0
19,8,5,0
19,8,5,0
19,9,5,0
19,9,5,0
19,9,5,0
19,9,5,0
19,9,5,0
19,10,5,0
19,10,5,0
19,10,5,0
19,10,5,0
19,10,5,0
19,11,5,0
19,11,5,0
19,11,5,0
19,11,5,0
19,11,5,0
20,0,5,0
20,0,5,0
20,0,5,0
20,0,5,0
20,0,5,0
20,1,5,0
20,1,5,0
20,1,5,0
20,1,5,0
20,1,5,0
20,2,5,0
20,2,5,0
20,2,5,0
20,2,5,0
20,2,5,0
20,3,5,0
20,3,5,0
20,3,5,0
20,3,5,0
20,3,5,0
20,4,5,0
20,4,5,0
20,4,5,0
20,4,5,0
20,4,5,0
20,5,5,0
20,5,5,0
20,5,5,0
20,5,5,0
20,5,5,0
20,6,5,0
20,6,5,0
20,6,5,0
20,6,5,1
20,6,5,0
20,7,5,0
20,7,5,0
20,7,5,0
20,7,5,0
20,7,5,0
20,8,5,0
20,8,5,0
20,8,5,0
20,8,5,0
20,8,5,0
20,9,5,0
20,9,5,0
20,9,5,0
20,9,5,0
20,9,5,1
20,10,5,0
20,10,5,0
20,10,5,0
20,10,5,0
20,10,5,0
20,11,5,0
20,11,5,0
20,11,5,0
20,11,5,0
20,11,5,0
21,0,5,0
21,0,5,0
21,0,5,0
21,0,5,0
21,0,5,0
21,1,5,0
21,1,5,0
21,1,5,0
21,1,5,0
21,1,5,0
21,2,5,0
21,2,5,0
21,2,5,0
21,2,5,0
21,2,5,0
21,3,5,0
21,3,5,0
21,3,5,0
21,3,5,0
21,3,5,0
21,4,5,0
21,4,5,0
21,4,5,0
21,4,5,0
21,4,5,0
21,5,5,0
21,5,5,0
21,5,5,0
21,5,5,1
21,5,5,0
21,6,5,0
21,6,5,0
21,6,5,0
21,6,5,0
21,6,5,0
21,7,5,0
21,7,5,0
21,7,5,0
21,7,5,0
21,7,5,0
21,8,5,0
21,8,5,0
21,8,5,0
21,8,5,0
21,8,5,0
21,9,5,0
21,9,5,0
21,9,5,0
21,9,5,0
21,9,5,0
21,10,5,0
21,10,5,0
21,10,5,0
21,10,5,0
21,10,5,0
21,11,5,0
21,11,5,0
21,11,5,0
21,11,5,0
21,11,5,0
22,0,5,0
22,0,5,0
22,0,5,0
22,0,5,0
22,0,5,1
22,1,5,0
22,1,5,0
22,1,5,0
22,1,5,0
22,1,5,0
22,2,5,1
22,2,5,0
22,2,5,0
22,2,5,0
22,2,5,0
22,3,5,0
22,3,5,0
22,3,5,0
22,3,5,0
22,3,5,0
22,4,5,0
22,4,5,0
22,4,5,0
22,4,5,0
22,4,5,0
22,5,5,0
22,5,5,0
22,5,5,0
22,5,5,0
22,5,5,0
22,6,5,0
22,6,5,0
22,6,5,0
22,6,5,0
22,6,5,0
22,7,5,0
22,7,5,0
22,7,5,0
22,7,5,0
22,7,5,0
22,8,5,0
22,8,5,0
22,8,5,0
22,8,5,0
22,8,5,0
22,9,5,0
22,9,5,0
22,9,5,0
22,9,5,0
22,9,5,0
22,10,5,0
22,10,5,0
22,10,5,0
22,10,5,0
22,10,5,0
22,11,5,0
22,11,5,0
22,11,5,0
22,11,5,0
22,11,5,0
23,0,5,0
23,0,5,0
23,0,5,0
23,0,5,0
23,0,5,0
23,1,5,0
23,1,5,0
23,1,5,0
23,1,5,0
23,1,5,0
23,2,5,0
23,2,5,0
23,2,5,0
23,2,5,0
23,2,5,0
23,3,5,0
23,3,5,0
23,3,5,0
23,3,5,0
23,3,5,0
23,4,5,1
23,4,5,0
23,4,5,0
23,4,5,0
23,4,5,0
23,5,5,0
23,5,5,0
23,5,5,0
23,5,5,0
23,5,5,0
23,6,5,0
23,6,5,0
23,6,5,0
23,6,5,0
23,6,5,0
23,7,5,0
23,7,5,0
23,7,5,0
23,7,5,0
23,7,5,0
23,8,5,0
23,8,5,0
23,8,5,0
23,8,5,0
23,8,5,0
23,9,5,0
23,9,5,0
23,9,5,0
23,9,5,0
23,9,5,0
23,10,5,0
23,10,5,0
23,10,5,0
23,10,5,0
23,10,5,0
23,11,5,0
23,11,5,0
23,11,5,0
23,11,5,0
23,11,5,0
24,0,5,0
24,0,5,0
24,0,5,0
24,0,5,0
24,0,5,0
24,1,5,0
24,1,5,0
24,1,5,0
24,1,5,0
24,1,5,0
24,2,5,0
24,2,5,0
24,2,5,0
24,2,5,0
24,2,5,0
24,3,5,0
24,3,5,0
24,3,5,0
24,3,5,0
24,3,5,0
24,4,5,0
24,4,5,0
24,4,5,0
24,4,5,0
24,4,5,0
24,5,5,1
24,5,5,0
24,5,5,0
24,5,5,0
24,5,5,0
24,6,5,1
24,6,5,0
24,6,5,0
24,6,5,0
24,6,5,0
24,7,5,1
24,7,5,0
24,7,5,0
24,7,5,0
24,7,5,0
24,8,5,0
24,8,5,0
24,8,5,0
24,8,5,0
24,8,5,0
24,9,5,0
24,9,5,0
24,9,5,0
24,9,5,1
24,9,5,0
24,10,5,0
24,10,5,0
24,10,5,0
24,10,5,0
24,10,5,0
24,11,5,0
24,11,5,0
24,11,5,0
24,11,5,0
24,11,5,0
25,0,5,0
25,0,5,0
25,0,5,0
25,0,5,0
25,0,5,0
25,1,5,0
25,1,5,0
25,1,5,0
25,1,5,0
25,1,5,0
25,2,5,0
25,2,5,0
25,2,5,1
25,2,5,0
25,2,5,0
25,3,5,0
25,3,5,0
25,3,5,0
25,3,5,0
25,3,5,0
25,4,5,0
25,4,5,1
25,4,5,0
25,4,5,0
25,4,5,0
25,5,5,0
25,5,5,0
25,5,5,0
25,5,5,0
25,5,5,0
25,6,5,0
25,6,5,0
25,6,5,0
25,6,5,0
25,6,5,0
25,7,5,0
25,7,5,0
25,7,5,0
25,7,5,0
25,7,5,0
25,8,5,1
25,8,5,0
25,8,5,0
25,8,5,0
25,8,5,0
25,9,5,1
25,9,5,0
25,9,5,0
25,9,5,0
25,9,5,0
25,10,5,0
25,10,5,0
25,10,5,0
25,10,5,0
25,10,5,0
25,11,5,0
25,11,5,0
25,11,5,0
25,11,5,0
25,11,5,0
26,0,5,0
26,0,5,0
26,0,5,0
26,0,5,1
26,0,5,0
26,1,5,0
26,1,5,0
26,1,5,0
26,1,5,0
26,1,5,0
26,2,5,0
26,2,5,0
26,2,5,0
26,2,5,0
26,2,5,0
26,3,5,0
26,3,5,0
26,3,5,0
26,3,5,0
26,3,5,0
26,4,5,0
26,4,5,0
26,4,5,0
26,4,5,0
26,4,5,0
26,5,5,0
26,5,5,0
26,5,5,0
26,5,5,0
26,5,5,0
26,6,5,0
26,6,5,1
26,6,5,0
26,6,5,0
26,6,5,0
26,7,5,0
26,7,5,0
26,7,5,0
26,7,5,0
26,7,5,0
26,8,5,0
26,8,5,0
26,8,5,0
26,8,5,0
26,8,5,0
26,9,5,0
26,9,5,0
26,9,5,0
26,9,5,0
26,9,5,0
26,10,5,0
26,10,5,0
26,10,5,0
26,10,5,0
26,10,5,0
26,11,5,0
26,11,5,0
26,11,5,0
26,11,5,0
26,11,5,0
27,0,5,0
27,0,5,0
27,0,5,0
27,0,5,0
27,0,5,0
27,1,5,0
27,1,5,0
27,1,5,1
27,1,5,0
27,1,5,0
27,2,5,1
27,2,5,0
27,2,5,0
27,2,5,0
27,2,5,0
27,3,5,0
27,3,5,0
27,3,5,0
27,3,5,1
27,3,5,0
27,4,5,1
27,4,5,0
27,4,5,0
27,4,5,0
27,4,5,0
27,5,5,1
27,5,5,0
27,5,5,0
27,5,5,0
27,5,5,0
27,6,5,0
27,6,5,0
27,6,5,0
27,6,5,0
27,6,5,0
27,7,5,0
27,7,5,0
27,7,5,0
27,7,5,0
27,7,5,0
27,8,5,0
27,8,5,0
27,8,5,0
27,8,5,0
27,8,5,0
27,9,5,0
27,9,5,0
27,9,5,0
27,9,5,0
27,9,5,0
27,10,5,0
27,10,5,0
27,10,5,0
27,10,5,0
27,10,5,0
27,11,5,0
27,11,5,0
27,11,5,0
27,11,5,0
27,11,5,0
28,0,5,0
28,0,5,0
28,0,5,0
28,0,5,0
28,0,5,0
28,1,5,0
28,1,5,0
28,1,5,0
28,1,5,0
28,1,5,0
28,2,5,0
28,2,5,0
28,2,5,0
28,2,5,0
28,2,5,0
28,3,5,0
28,3,5,0
28,3,5,1
28,3,5,0
28,3,5,0
28,4,5,0
28,4,5,0
28,4,5,0
28,4,5,0
28,4,5,0
28,5,5,0
28,5,5,0
28,5,5,0
28,5,5,0
28,5,5,0
28,6,5,0
28,6,5,0
28,6,5,0
28,6,5,0
28,6,5,0
28,7,5,0
28,7,5,0
28,7,5,1
28,7,5,0
28,7,5,0
28,8,5,0
28,8,5,0
28,8,5,0
28,8,5,0
28,8,5,0
28,9,5,0
28,9,5,0
28,9,5,0
28,9,5,0
28,9,5,0
28,10,5,0
28,10,5,0
28,10,5,0
28,10,5,0
28,10,5,0
28,11,5,0
28,11,5,0
28,11,5,0
28,11,5,0
28,11,5,0
29,0,5,0
29,0,5,0
29,0,5,0
29,0,5,0
29,0,5,0
29,1,5,0
29,1,5,1
29,1,5,0
29,1,5,0
29,1,5,0
29,2,5,0
29,2,5,0
29,2,5,0
29,2,5,1
29,2,5,0
29,3,5,0
29,3,5,0
29,3,5,0
29,3,5,0
29,3,5,0
29,4,5,0
29,4,5,0
29,4,5,0
29,4,5,0
29,4,5,0
29,5,5,0
29,5,5,0
29,5,5,0
29,5,5,0
29,5,5,0
29,6,5,0
29,6,5,0
29,6,5,0
29,6,5,0
29,6,5,0
29,7,5,0
29,7,5,0
29,7,5,0
29,7,5,0
29,7,5,0
29,8,5,0
29,8,5,0
29,8,5,0
29,8,5,0
29,8,5,0
29,9,5,0
29,9,5,0
29,9,5,0
29,9,5,0
29,9,5,0
29,10,5,0
29,10,5,0
29,10,5,0
29,10,5,0
29,10,5,0
29,11,5,0
29,11,5,0
29,11,5,0
29,11,5,0
29,11,5,0
30,0,5,0
30,0,5,0
30,0,5,0
30,0,5,0
30,0,5,0
30,1,5,0
30,1,5,0
30,1,5,0
30,1,5,0
30,1,5,0
30,2,5,0
30,2,5,0
30,2,5,0
30,2,5,0
30,2,5,0
30,3,5,0
30,3,5,0
30,3,5,0
30,3,5,0
30,3,5,0
30,4,5,0
30,4,5,0
30,4,5,0
30,4,5,0
30,4,5,0
30,5,5,0
30,5,5,0
30,5,5,0
30,5,5,0
30,5,5,0
30,6,5,1
30,6,5,0
30,6,5,0
30,6,5,0
30,6,5,0
30,7,5,0
30,7,5,1
30,7,5,0
30,7,5,0
30,7,5,0
30,8,5,0
30,8,5,0
30,8,5,0
30,8,5,1
30,8,5,0
30,9,5,0
30,9,5,0
30,9,5,0
30,9,5,0
30,9,5,0
30,10,5,0
30,10,5,0
30,10,5,0
30,10,5,0
30,10,5,0
30,11,5,0
30,11,5,0
30,11,5,0
30,11,5,0
30,11,5,0
31,0,5,0
31,0,5,0
31,0,5,0
31,0,5,0
31,0,5,0
31,1,5,0
31,1,5,0
31,1,5,0
31,1,5,0
31,1,5,0
31,2,5,0
31,2,5,0
31,2,5,0
31,2,5,0
31,2,5,0
31,3,5,0
31,3,5,0
31,3,5,0
31,3,5,0
31,3,5,0
31,4,5,0
31,4,5,0
31,4,5,0
31,4,5,0
31,4,5,0
31,5,5,0
31,5,5,0
31,5,5,0
31,5,5,0
31,5,5,0
31,6,5,0
31,6,5,0
31,6,5,0
31,6,5,0
31,6,5,0
31,7,5,0
31,7,5,0
31,7,5,0
31,7,5,0
31,7,5,0
31,8,5,0
31,8,5,0
31,8,5,0
31,8,5,0
31,8,5,0
31,9,5,0
31,9,5,0
31,9,5,0
31,9,5,0
31,9,5,0
31,10,5,0
31,10,5,0
31,10,5,0
31,10,5,0
31,10,5,0
31,11,5,0
31,11,5,0
31,11,5,0
31,11,5,0
31,11,5,0
32,0,5,0
32,0,5,0
32,0,5,0
32,0,5,0
32,0,5,0
32,1,5,1
32,1,5,0
32,1,5,0
32,1,5,0
32,1,5,0
32,2,5,0
32,2,5,0
32,2,5,0
32,2,5,0
32,2,5,0
32,3,5,0
32,3,5,0
32,3,5,0
32,3,5,0
32,3,5,0
32,4,5,0
32,4,5,0
32,4,5,0
32,4,5,0
32,4,5,0
32,5,5,1
32,5,5,0
32,5,5,0
32,5,5,0
32,5,5,0
32,6,5,0
32,6,5,0
32,6,5,0
32,6,5,0
32,6,5,0
32,7,5,0
32,7,5,0
32,7,5,0
32,7,5,0
32,7,5,0
32,8,5,0
32,8,5,0
32,8,5,0
32,8,5,0
32,8,5,0
32,9,5,0
32,9,5,0
32,9,5,0
32,9,5,0
32,9,5,0
32,10,5,0
32,10,5,0
32,10,5,0
32,10,5,0
32,10,5,0
32,11,5,0
32,11,5,0
32,11,5,0
32,11,5,0
32,11,5,0
33,0,5,0
33,0,5,0
33,0,5,0
33,0,5,0
33,0,5,0
33,1,5,0
33,1,5,0
33,1,5,0
33,1,5,0
33,1,5,0
33,2,5,0
33,2,5,0
33,2,5,0
33,2,5,0
33,2,5,0
33,3,5,0
33,3,5,0
33,3,5,0
33,3,5,0
33,3,5,0
33,4,5,0
33,4,5,0
33,4,5,0
33,4,5,0
33,4,5,0
33,5,5,1
33,5,5,0
33,5,5,0
33,5,5,0
33,5,5,0
33,6,5,0
33,6,5,0
33,6,5,0
33,6,5,0
33,6,5,0
33,7,5,0
33,7,5,0
33,7,5,0
33,7,5,0
33,7,5,0
33,8,5,0
33,8,5,0
33,8,5,0
33,8,5,0
33,8,5,0
33,9,5,0
33,9,5,0
33,9,5,0
33,9,5,0
33,9,5,0
33,10,5,0
33,10,5,0
33,10,5,0
33,10,5,0
33,10,5,0
33,11,5,0
33,11,5,0
33,11,5,0
33,11,5,0
33,11,5,0
34,0,5,0
34,0,5,0
34,0,5,0
34,0,5,0
34,0,5,0
34,1,5,0
34,1,5,0
34,1,5,0
34,1,5,0
34,1,5,0
34,2,5,0
34,2,5,0
34,2,5,0
34,2,5,0
34,2,5,0
34,3,5,0
34,3,5,0
34,3,5,0
34,3,5,0
34,3,5,0
34,4,5,0
34,4,5,0
34,4,5,0
34,4,5,0
34,4,5,0
34,5,5,0
34,5,5,0
34,5,5,0
34,5,5,0
34,5,5,0
34,6,5,0
34,6,5,0
34,6,5,0
34,6,5,0
34,6,5,0
34,7,5,0
34,7,5,0
34,7,5,0
34,7,5,0
34,7,5,0
34,8,5,0
34,8,5,0
34,8,5,0
34,8,5,0
34,8,5,0
34,9,5,0
34,9,5,0
34,9,5,0
34,9,5,0
34,9,5,0
34,10,5,0
34,10,5,0
34,10,5,0
34,10,5,0
34,10,5,0
34,11,5,0
34,11,5,0
34,11,5,0
34,11,5,0
34,11,5,0
35,0,5,0
35,0,5,0
35,0,5,0
35,0,5,0
35,0,5,0
35,1,5,0
35,1,5,0
35,1,5,0
35,1,5,0
35,1,5,0
35,2,5,0
35,2,5,0
35,2,5,0
35,2,5,0
35,2,5,0
35,3,5,1
35,3,5,0
35,3,5,0
35,3,5,0
35,3,5,0
35,4,5,1
35,4,5,0
35,4,5,0
35,4,5,0
35,4,5,0
35,5,5,0
35,5,5,0
35,5,5,0
35,5,5,0
35,5,5,1
35,6,5,0
35,6,5,0
35,6,5,0
35,6,5,0
35,6,5,0
35,7,5,0
35,7,5,0
35,7,5,0
35,7,5,0
35,7,5,0
35,8,5,0
35,8,5,0
35,8,5,0
35,8,5,0
35,8,5,0
35,9,5,1
35,9,5,0
35,9,5,0
35,9,5,0
35,9,5,0
35,10,5,0
35,10,5,0
35,10,5,0
35,10,5,0
35,10,5,0
35,11,5,0
35,11,5,0
35,11,5,0
35,11,5,0
35,11,5,0
36,0,5,0
36,0,5,0
36,0,5,0
36,0,5,0
36,0,5,0
36,1,5,0
36,1,5,0
36,1,5,0
36,1,5,0
36,1,5,0
36,2,5,0
36,2,5,0
36,2,5,0
36,2,5,0
36,2,5,0
36,3,5,0
36,3,5,0
36,3,5,0
36,3,5,0
36,3,5,0
36,4,5,0
36,4,5,0
36,4,5,0
36,4,5,0
36,4,5,0
36,5,5,0
36,5,5,0
36,5,5,0
36,5,5,0
36,5,5,0
36,6,5,1
36,6,5,0
36,6,5,0
36,6,5,0
36,6,5,0
36,7,5,0
36,7,5,0
36,7,5,0
36,7,5,1
36,7,5,0
36,8,5,0
36,8,5,0
36,8,5,0
36,8,5,0
36,8,5,0
36,9,5,0
36,9,5,0
36,9,5,0
36,9,5,0
36,9,5,0
36,10,5,1
36,10,5,0
36,10,5,0
36,10,5,0
36,10,5,0
36,11,5,0
36,11,5,0
36,11,5,0
36,11,5,0
36,11,5,0
37,0,5,0
37,0,5,1
37,0,5,0
37,0,5,0
37,0,5,0
37,1,5,1
37,1,5,0
37,1,5,0
37,1,5,0
37,1,5,0
37,2,5,0
37,2,5,0
37,2,5,0
37,2,5,0
37,2,5,0
37,3,5,0
37,3,5,0
37,3,5,0
37,3,5,0
37,3,5,0
37,4,5,0
37,4,5,0
37,4,5,0
37,4,5,0
37,4,5,0
37,5,5,0
37,5,5,0
37,5,5,0
37,5,5,0
37,5,5,0
37,6,5,0
37,6,5,0
37,6,5,0
37,6,5,0
37,6,5,1
37,7,5,1
37,7,5,0
37,7,5,0
37,7,5,0
37,7,5,0
37,8,5,1
37,8,5,0
37,8,5,0
37,8,5,0
37,8,5,0
37,9,5,0
37,9,5,0
37,9,5,0
37,9,5,0
37,9,5,0
37,10,5,0
37,10,5,0
37,10,5,0
37,10,5,0
37,10,5,0
37,11,5,0
37,11,5,0
37,11,5,0
37,11,5,0
37,11,5,0
38,0,5,0
38,0,5,0
38,0,5,0
38,0,5,0
38,0,5,0
38,1,5,1
38,1,5,0
38,1,5,0
38,1,5,0
38,1,5,0
38,2,5,1
38,2,5,0
38,2,5,0
38,2,5,0
38,2,5,0
38,3,5,1
38,3,5,0
38,3,5,0
38,3,5,0
38,3,5,0
38,4,5,1
38,4,5,0
38,4,5,0
38,4,5,0
38,4,5,0
38,5,5,0
38,5,5,0
38,5,5,0
38,5,5,0
38,5,5,0
38,6,5,0
38,6,5,0
38,6,5,0
38,6,5,0
38,6,5,0
38,7,5,1
38,7,5,0
38,7,5,0
38,7,5,0
38,7,5,0
38,8,5,0
38,8,5,0
38,8,5,0
38,8,5,0
38,8,5,0
38,9,5,1
38,9,5,0
38,9,5,0
38,9,5,0
38,9,5,0
38,10,5,1
38,10,5,0
38,10,5,0
38,10,5,0
38,10,5,0
38,11,5,0
38,11,5,0
38,11,5,0
38,11,5,0
38,11,5,0
39,0,5,0
39,0,5,0
39,0,5,0
39,0,5,0
39,0,5,0
39,1,5,0
39,1,5,0
39,1,5,0
39,1,5,0
39,1,5,0
39,2,5,0
39,2,5,0
39,2,5,0
39,2,5,0
39,2,5,0
39,3,5,0
39,3,5,0
39,3,5,0
39,3,5,0
39,3,5,0
39,4,5,0
39,4,5,0
39,4,5,0
39,4,5,0
39,4,5,0
39,5,5,0
39,5,5,0
39,5,5,0
39,5,5,0
39,5,5,0
39,6,5,0
39,6,5,0
39,6,5,0
39,6,5,0
39,6,5,0
39,7,5,0
39,7,5,0
39,7,5,0
39,7,5,0
39,7,5,0
39,8,5,1
39,8,5,0
39,8,5,0
39,8,5,0
39,8,5,0
39,9,5,0
39,9,5,0
39,9,5,0
39,9,5,0
39,9,5,0
39,10,5,1
39,10,5,0
39,10,5,0
39,10,5,0
39,10,5,0
39,11,5,0
39,11,5,0
39,11,5,0
39,11,5,0
39,11,5,0
40,0,5,0
40,0,5,0
40,0,5,0
40,0,5,0
40,0,5,0
40,1,5,0
40,1,5,0
40,1,5,0
40,1,5,0
40,1,5,0
40,2,5,0
40,2,5,0
40,2,5,0
40,2,5,0
40,2,5,0
40,3,5,0
40,3,5,0
40,3,5,0
40,3,5,1
40,3,5,0
40,4,5,0
40,4,5,0
40,4,5,0
40,4,5,0
40,4,5,0
40,5,5,0
40,5,5,0
40,5,5,0
40,5,5,0
40,5,5,0
40,6,5,0
40,6,5,0
40,6,5,0
40,6,5,0
40,6,5,0
40,7,5,1
40,7,5,0
40,7,5,0
40,7,5,0
40,7,5,0
40,8,5,1
40,8,5,0
40,8,5,0
40,8,5,0
40,8,5,0
40,9,5,1
40,9,5,0
40,9,5,0
40,9,5,0
40,9,5,0
40,10,5,0
40,10,5,0
40,10,5,0
40,10,5,0
40,10,5,0
40,11,5,0
40,11,5,0
40,11,5,0
40,11,5,0
40,11,5,0
41,0,5,0
41,0,5,0
41,0,5,0
41,0,5,0
41,0,5,0
41,1,5,1
41,1,5,0
41,1,5,0
41,1,5,0
41,1,5,0
41,2,5,1
41,2,5,0
41,2,5,0
41,2,5,0
41,2,5,0
41,3,5,0
41,3,5,0
41,3,5,0
41,3,5,0
41,3,5,0
41,4,5,0
41,4,5,0
41,4,5,0
41,4,5,0
41,4,5,0
41,5,5,0
41,5,5,0
41,5,5,0
41,5,5,0
41,5,5,0
41,6,5,0
41,6,5,0
41,6,5,0
41,6,5,0
41,6,5,0
41,7,5,1
41,7,5,0
41,7,5,0
41,7,5,0
41,7,5,0
41,8,5,0
41,8,5,0
41,8,5,1
41,8,5,0
41,8,5,0
41,9,5,0
41,9,5,0
41,9,5,0
41,9,5,0
41,9,5,0
41,10,5,0
41,10,5,0
41,10,5,0
41,10,5,0
41,10,5,0
41,11,5,0
41,11,5,0
41,11,5,0
41,11,5,0
41,11,5,0
42,0,5,0
42,0,5,0
42,0,5,0
42,0,5,0
42,0,5,0
42,1,5,0
42,1,5,0
42,1,5,0
42,1,5,0
42,1,5,0
42,2,5,0
42,2,5,0
42,2,5,0
42,2,5,0
42,2,5,0
42,3,5,1
42,3,5,0
42,3,5,0
42,3,5,0
42,3,5,0
42,4,5,0
42,4,5,0
42,4,5,0
42,4,5,0
42,4,5,1
42,5,5,0
42,5,5,0
42,5,5,0
42,5,5,0
42,5,5,0
42,6,5,1
42,6,5,0
42,6,5,0
42,6,5,0
42,6,5,0
42,7,5,0
42,7,5,0
42,7,5,0
42,7,5,0
42,7,5,0
42,8,5,0
42,8,5,1
42,8,5,0
42,8,5,0
42,8,5,0
42,9,5,0
42,9,5,0
42,9,5,0
42,9,5,0
42,9,5,0
42,10,5,0
42,10,5,0
42,10,5,0
42,10,5,0
42,10,5,0
42,11,5,0
42,11,5,0
42,11,5,0
42,11,5,0
42,11,5,0
43,0,5,0
43,0,5,0
43,0,5,0
43,0,5,0
43,0,5,0
43,1,5,0
43,1,5,0
43,1,5,0
43,1,5,0
43,1,5,0
43,2,5,0
43,2,5,0
43,2,5,0
43,2,5,0
43,2,5,0
43,3,5,1
43,3,5,0
43,3,5,0
43,3,5,0
43,3,5,0
43,4,5,0
43,4,5,0
43,4,5,0
43,4,5,0
43,4,5,0
43,5,5,0
43,5,5,0
43,5,5,0
43,5,5,0
43,5,5,0
43,6,5,0
43,6,5,0
43,6,5,0
43,6,5,0
43,6,5,0
43,7,5,1
43,7,5,0
43,7,5,0
43,7,5,0
43,7,5,0
43,8,5,0
43,8,5,0
43,8,5,0
43,8,5,0
43,8,5,0
43,9,5,0
43,9,5,0
43,9,5,0
43,9,5,0
43,9,5,0
43,10,5,0
43,10,5,0
43,10,5,0
43,10,5,0
43,10,5,0
43,11,5,0
43,11,5,0
43,11,5,0
43,11,5,0
43,11,5,0
44,0,5,0
44,0,5,0
44,0,5,0
44,0,5,0
44,0,5,0
44,1,5,0
44,1,5,0
44,1,5,0
44,1,5,0
44,1,5,0
44,2,5,1
44,2,5,0
44,2,5,0
44,2,5,0
44,2,5,0
44,3,5,1
44,3,5,0
44,3,5,0
44,3,5,0
44,3,5,0
44,4,5,0
44,4,5,0
44,4,5,0
44,4,5,0
44,4,5,0
44,5,5,0
44,5,5,0
44,5,5,0
44,5,5,0
44,5,5,0
44,6,5,1
44,6,5,0
44,6,5,0
44,6,5,0
44,6,5,0
44,7,5,1
44,7,5,0
44,7,5,0
44,7,5,0
44,7,5,0
44,8,5,0
44,8,5,0
44,8,5,0
44,8,5,0
44,8,5,0
44,9,5,0
44,9,5,0
44,9,5,0
44,9,5,0
44,9,5,0
44,10,5,0
44,10,5,0
44,10,5,0
44,10,5,0
44,10,5,0
44,11,5,0
44,11,5,0
44,11,5,0
44,11,5,0
44,11,5,0
45,0,5,0
45,0,5,0
45,0,5,0
45,0,5,0
45,0,5,0
45,1,5,0
45,1,5,0
45,1,5,0
45,1,5,0
45,1,5,0
45,2,5,0
45,2,5,0
45,2,5,0
45,2,5,0
45,2,5,0
45,3,5,0
45,3,5,0
45,3,5,0
45,3,5,0
45,3,5,0
45,4,5,0
45,4,5,0
45,4,5,0
45,4,5,0
45,4,5,0
45,5,5,0
45,5,5,0
45,5,5,0
45,5,5,0
45,5,5,0
45,6,5,0
45,6,5,0
45,6,5,0
45,6,5,0
45,6,5,0
45,7,5,0
45,7,5,0
45,7,5,0
45,7,5,0
45,7,5,0
45,8,5,0
45,8,5,0
45,8,5,0
45,8,5,0
45,8,5,0
45,9,5,0
45,9,5,0
45,9,5,0
45,9,5,0
45,9,5,0
45,10,5,0
45,10,5,0
45,10,5,0
45,10,5,0
45,10,5,0
45,11,5,0
45,11,5,0
45,11,5,0
45,11,5,0
45,11,5,0
46,0,5,0
46,0,5,0
46,0,5,0
46,0,5,0
46,0,5,0
46,1,5,0
46,1,5,0
46,1,5,0
46,1,5,0
46,1,5,0
46,2,5,0
46,2,5,0
46,2,5,0
46,2,5,0
46,2,5,0
46,3,5,0
46,3,5,0
46,3,5,0
46,3,5,0
46,3,5,0
46,4,5,0
46,4,5,0
46,4,5,0
46,4,5,0
46,4,5,0
46,5,5,1
46,5,5,0
46,5,5,0
46,5,5,0
46,5,5,0
46,6,5,0
46,6,5,0
46,6,5,0
46,6,5,0
46,6,5,0
46,7,5,0
46,7,5,0
46,7,5,0
46,7,5,0
46,7,5,0
46,8,5,0
46,8,5,0
46,8,5,0
46,8,5,0
46,8,5,0
46,9,5,1
46,9,5,0
46,9,5,0
46,9,5,0
46,9,5,0
46,10,5,0
46,10,5,0
46,10,5,0
46,10,5,1
46,10,5,0
46,11,5,0
46,11,5,0
46,11,5,0
46,11,5,0
46,11,5,0
47,0,5,0
47,0,5,0
47,0,5,0
47,0,5,0
47,0,5,0
47,1,5,0
47,1,5,0
47,1,5,0
47,1,5,0
47,1,5,0
47,2,5,0
47,2,5,0
47,2,5,0
47,2,5,0
47,2,5,0
47,3,5,0
47,3,5,0
47,3,5,0
47,3,5,0
47,3,5,0
47,4,5,0
47,4,5,0
47,4,5,0
47,4,5,0
47,4,5,0
47,5,5,0
47,5,5,0
47,5,5,0
47,5,5,0
47,5,5,0
47,6,5,0
47,6,5,0
47,6,5,0
47,6,5,0
47,6,5,0
47,7,5,0
47,7,5,0
47,7,5,0
47,7,5,0
47,7,5,0
47,8,5,0
47,8,5,0
47,8,5,0
47,8,5,0
47,8,5,0
47,9,5,0
47,9,5,0
47,9,5,0
47,9,5,0
47,9,5,0
47,10,5,0
47,10,5,0
47,10,5,0
47,10,5,0
47,10,5,0
47,11,5,1
47,11,5,0
47,11,5,0
47,11,5,0
47,11,5,0
48,0,5,1
48,0,5,0
48,0,5,0
48,0,5,0
48,0,5,0
48,1,5,0
48,1,5,0
48,1,5,0
48,1,5,0
48,1,5,0
48,2,5,0
48,2,5,0
48,2,5,0
48,2,5,0
48,2,5,0
48,3,5,0
48,3,5,0
48,3,5,0
48,3,5,0
48,3,5,0
48,4,5,0
48,4,5,0
48,4,5,0
48,4,5,0
48,4,5,0
48,5,5,1
48,5,5,0
48,5,5,0
48,5,5,0
48,5,5,0
48,6,5,0
48,6,5,0
48,6,5,0
48,6,5,0
48,6,5,0
48,7,5,0
48,7,5,0
48,7,5,0
48,7,5,0
48,7,5,0
48,8,5,0
48,8,5,0
48,8,5,0
48,8,5,0
48,8,5,1
48,9,5,0
48,9,5,0
48,9,5,0
48,9,5,0
48,9,5,0
48,10,5,0
48,10,5,0
48,10,5,0
48,10,5,0
48,10,5,0
48,11,5,0
48,11,5,0
48,11,5,0
48,11,5,0
48,11,5,0
49,0,5,0
49,0,5,0
49,0,5,0
49,0,5,0
49,0,5,0
49,1,5,0
49,1,5,0
49,1,5,0
49,1,5,0
49,1,5,0
49,2,5,0
49,2,5,0
49,2,5,0
49,2,5,0
49,2,5,0
49,3,5,0
49,3,5,0
49,3,5,0
49,3,5,0
49,3,5,0
49,4,5,0
49,4,5,0
49,4,5,0
49,4,5,0
49,4,5,0
49,5,5,0
49,5,5,0
49,5,5,0
49,5,5,0
49,5,5,0
49,6,5,0
49,6,5,0
49,6,5,0
49,6,5,0
49,6,5,0
49,7,5,0
49,7,5,0
49,7,5,0
49,7,5,0
49,7,5,0
49,8,5,0
49,8,5,0
49,8,5,0
49,8,5,0
49,8,5,0
49,9,5,0
49,9,5,0
49,9,5,0
49,9,5,0
49,9,5,0
49,10,5,0
49,10,5,0
49,10,5,0
49,10,5,0
49,10,5,0
49,11,5,0
49,11,5,0
49,11,5,0
49,11,5,0
49,11,5,0
50,0,5,0
50,0,5,0
50,0,5,0
50,0,5,0
50,0,5,0
50,1,5,0
50,1,5,0
50,1,5,0
50,1,5,0
50,1,5,0
50,2,5,0
50,2,5,0
50,2,5,0
50,2,5,0
50,2,5,0
50,3,5,0
50,3,5,0
50,3,5,0
50,3,5,0
50,3,5,0
50,4,5,0
50,4,5,0
50,4,5,0
50,4,5,0
50,4,5,0
50,5,5,0
50,5,5,0
50,5,5,0
50,5,5,0
50,5,5,0
50,6,5,0
50,6,5,0
50,6,5,0
50,6,5,0
50,6,5,0
50,7,5,0
50,7,5,0
50,7,5,0
50,7,5,0
50,7,5,0
50,8,5,0
50,8,5,0
50,8,5,0
50,8,5,0
50,8,5,0
50,9,5,0
50,9,5,0
50,9,5,0
50,9,5,0
50,9,5,0
50,10,5,0
50,10,5,0
50,10,5,0
50,10,5,0
50,10,5,0
50,11,5,0
50,11,5,0
50,11,5,0
50,11,5,0
50,11,5,0
51,0,5,0
51,0,5,0
51,0,5,0
51,0,5,0
51,0,5,0
51,1,5,0
51,1,5,0
51,1,5,0
51,1,5,0
51,1,5,0
51,2,5,0
51,2,5,0
51,2,5,0
51,2,5,0
51,2,5,0
51,3,5,0
51,3,5,0
51,3,5,0
51,3,5,0
51,3,5,0
51,4,5,1
51,4,5,0
51,4,5,0
51,4,5,0
51,4,5,0
51,5,5,1
51,5,5,0
51,5,5,0
51,5,5,0
51,5,5,0
51,6,5,0
51,6,5,0
51,6,5,0
51,6,5,0
51,6,5,0
51,7,5,0
51,7,5,0
51,7,5,0
51,7,5,0
51,7,5,1
51,8,5,0
51,8,5,0
51,8,5,0
51,8,5,0
51,8,5,0
51,9,5,0
51,9,5,0
51,9,5,0
51,9,5,0
51,9,5,0
51,10,5,0
51,10,5,0
51,10,5,0
51,10,5,0
51,10,5,0
51,11,5,0
51,11,5,0
51,11,5,0
51,11,5,0
51,11,5,0
52,0,5,0
52,0,5,1
52,0,5,0
52,0,5,0
52,0,5,0
52,1,5,0
52,1,5,1
52,1,5,0
52,1,5,0
52,1,5,0
52,2,5,1
52,2,5,0
52,2,5,0
52,2,5,0
52,2,5,0
52,3,5,0
52,3,5,0
52,3,5,0
52,3,5,0
52,3,5,0
52,4,5,0
52,4,5,0
52,4,5,1
52,4,5,0
52,4,5,0
52,5,5,0
52,5,5,0
52,5,5,0
52,5,5,1
52,5,5,0
52,6,5,0
52,6,5,0
52,6,5,0
52,6,5,0
52,6,5,0
52,7,5,0
52,7,5,0
52,7,5,0
52,7,5,0
52,7,5,0
52,8,5,0
52,8,5,0
52,8,5,0
52,8,5,0
52,8,5,0
52,9,5,0
52,9,5,0
52,9,5,0
52,9,5,0
52,9,5,0
52,10,5,0
52,10,5,0
52,10,5,0
52,10,5,0
52,10,5,0
52,11,5,1
52,11,5,0
52,11,5,0
52,11,5,0
52,11,5,0
53,0,5,0
53,0,5,0
53,0,5,0
53,0,5,0
53,0,5,0
53,1,5,0
53,1,5,0
53,1,5,0
53,1,5,0
53,1,5,0
53,2,5,0
53,2,5,0
53,2,5,0
53,2,5,0
53,2,5,0
53,3,5,0
53,3,5,0
53,3,5,0
53,3,5,0
53,3,5,0
53,4,5,0
53,4,5,0
53,4,5,0
53,4,5,0
53,4,5,0
53,5,5,1
53,5,5,0
53,5,5,0
53,5,5,0
53,5,5,0
53,6,5,0
53,6,5,0
53,6,5,0
53,6,5,0
53,6,5,0
53,7,5,0
53,7,5,0
53,7,5,0
53,7,5,0
53,7,5,0
53,8,5,0
53,8,5,0
53,8,5,0
53,8,5,0
53,8,5,0
53,9,5,0
53,9,5,0
53,9,5,0
53,9,5,0
53,9,5,0
53,10,5,0
53,10,5,0
53,10,5,0
53,10,5,0
53,10,5,0
53,11,5,0
53,11,5,0
53,11,5,0
53,11,5,0
53,11,5,0
54,0,5,0
54,0,5,0
54,0,5,0
54,0,5,0
54,0,5,0
54,1,5,0
54,1,5,0
54,1,5,0
54,1,5,0
54,1,5,0
54,2,5,0
54,2,5,0
54,2,5,0
54,2,5,0
54,2,5,0
54,3,5,0
54,3,5,0
54,3,5,0
54,3,5,0
54,3,5,0
54,4,5,0
54,4,5,0
54,4,5,0
54,4,5,0
54,4,5,0
54,5,5,0
54,5,5,0
54,5,5,0
54,5,5,0
54,5,5,0
54,6,5,0
54,6,5,0
54,6,5,0
54,6,5,0
54,6,5,0
54,7,5,0
54,7,5,0
54,7,5,0
54,7,5,0
54,7,5,0
54,8,5,0
54,8,5,0
54,8,5,0
54,8,5,0
54,8,5,0
54,9,5,0
54,9,5,0
54,9,5,0
54,9,5,0
54,9,5,0
54,10,5,0
54,10,5,1
54,10,5,0
54,10,5,0
54,10,5,0
54,11,5,0
54,11,5,0
54,11,5,0
54,11,5,0
54,11,5,0
55,0,5,0
55,0,5,0
55,0,5,0
55,0,5,0
55,0,5,0
55,1,5,0
55,1,5,0
55,1,5,0
55,1,5,0
55,1,5,0
55,2,5,0
55,2,5,0
55,2,5,0
55,2,5,0
55,2,5,0
55,3,5,0
55,3,5,0
55,3,5,0
55,3,5,0
55,3,5,0
55,4,5,0
55,4,5,0
55,4,5,0
55,4,5,0
55,4,5,0
55,5,5,0
55,5,5,0
55,5,5,0
55,5,5,0
55,5,5,0
55,6,5,0
55,6,5,0
55,6,5,0
55,6,5,0
55,6,5,0
55,7,5,0
55,7,5,0
55,7,5,0
55,7,5,0
55,7,5,0
55,8,5,0
55,8,5,0
55,8,5,0
55,8,5,0
55,8,5,0
55,9,5,0
55,9,5,0
55,9,5,0
55,9,5,0
55,9,5,0
55,10,5,0
55,10,5,0
55,10,5,0
55,10,5,0
55,10,5,1
55,11,5,0
55,11,5,0
55,11,5,0
55,11,5,0
55,11,5,0
56,0,5,0
56,0,5,0
56,0,5,0
56,0,5,0
56,0,5,0
56,1,5,1
56,1,5,0
56,1,5,0
56,1,5,0
56,1,5,0
56,2,5,0
56,2,5,0
56,2,5,0
56,2,5,0
56,2,5,0
56,3,5,0
56,3,5,0
56,3,5,0
56,3,5,0
56,3,5,0
56,4,5,0
56,4,5,0
56,4,5,0
56,4,5,0
56,4,5,0
56,5,5,0
56,5,5,0
56,5,5,0
56,5,5,0
56,5,5,0
56,6,5,0
56,6,5,0
56,6,5,1
56,6,5,0
56,6,5,0
56,7,5,0
56,7,5,0
56,7,5,0
56,7,5,0
56,7,5,0
56,8,5,0
56,8,5,0
56,8,5,0
56,8,5,0
56,8,5,0
56,9,5,0
56,9,5,0
56,9,5,0
56,9,5,0
56,9,5,0
56,10,5,0
56,10,5,0
56,10,5,0
56,10,5,0
56,10,5,0
56,11,5,0
56,11,5,0
56,11,5,0
56,11,5,0
56,11,5,0
57,0,5,1
57,0,5,0
57,0,5,0
57,0,5,0
57,0,5,0
57,1,5,0
57,1,5,0
57,1,5,0
57,1,5,0
57,1,5,1
57,2,5,0
57,2,5,0
57,2,5,0
57,2,5,0
57,2,5,0
57,3,5,0
57,3,5,0
57,3,5,0
57,3,5,0
57,3,5,0
57,4,5,0
57,4,5,0
57,4,5,0
57,4,5,0
57,4,5,0
57,5,5,0
57,5,5,0
57,5,5,0
57,5,5,0
57,5,5,0
57,6,5,0
57,6,5,0
57,6,5,0
57,6,5,0
57,6,5,0
57,7,5,0
57,7,5,0
57,7,5,0
57,7,5,0
57,7,5,0
57,8,5,0
57,8,5,0
57,8,5,0
57,8,5,0
57,8,5,0
57,9,5,0
57,9,5,0
57,9,5,0
57,9,5,0
57,9,5,0
57,10,5,0
57,10,5,0
57,10,5,0
57,10,5,0
57,10,5,0
57,11,5,0
57,11,5,0
57,11,5,0
57,11,5,0
57,11,5,0
58,0,5,0
58,0,5,0
58,0,5,0
58,0,5,0
58,0,5,0
58,1,5,0
58,1,5,0
58,1,5,0
58,1,5,0
58,1,5,0
58,2,5,0
58,2,5,0
58,2,5,0
58,2,5,0
58,2,5,0
58,3,5,0
58,3,5,0
58,3,5,0
58,3,5,0
58,3,5,0
58,4,5,0
58,4,5,0
58,4,5,0
58,4,5,0
58,4,5,0
58,5,5,0
58,5,5,0
58,5,5,0
58,5,5,0
58,5,5,0
58,6,5,0
58,6,5,0
58,6,5,0
58,6,5,0
58,6,5,0
58,7,5,0
58,7,5,0
58,7,5,0
58,7,5,0
58,7,5,0
58,8,5,0
58,8,5,0
58,8,5,0
58,8,5,0
58,8,5,0
58,9,5,0
58,9,5,0
58,9,5,0
58,9,5,0
58,9,5,0
58,10,5,0
58,10,5,0
58,10,5,0
58,10,5,0
58,10,5,0
58,11,5,0
58,11,5,0
58,11,5,0
58,11,5,0
58,11,5,0
59,0,5,0
59,0,5,0
59,0,5,0
59,0,5,0
59,0,5,0
59,1,5,0
59,1,5,0
59,1,5,0
59,1,5,0
59,1,5,0
59,2,5,0
59,2,5,0
59,2,5,0
59,2,5,0
59,2,5,0
59,3,5,0
59,3,5,0
59,3,5,0
59,3,5,0
59,3,5,0
59,4,5,0
59,4,5,0
59,4,5,0
59,4,5,0
59,4,5,0
59,5,5,0
59,5,5,0
59,5,5,0
59,5,5,0
59,5,5,0
59,6,5,0
59,6,5,0
59,6,5,0
59,6,5,0
59,6,5,0
59,7,5,0
59,7,5,0
59,7,5,0
59,7,5,1
59,7,5,0
59,8,5,0
59,8,5,0
59,8,5,0
59,8,5,0
59,8,5,0
59,9,5,0
59,9,5,0
59,9,5,0
59,9,5,0
59,9,5,0
59,10,5,0
59,10,5,0
59,10,5,0
59,10,5,0
59,10,5,0
59,11,5,0
59,11,5,0
59,11,5,0
59,11,5,0
59,11,5,0
