l,i,j,lc_value
0,0,0,0
0,0,1,0
0,0,2,0
0,0,3,1
0,0,4,0
0,0,5,0
0,1,0,0
0,1,1,0
0,1,2,0
0,1,3,0
0,1,4,0
0,1,5,0
0,2,0,0
0,2,1,0
0,2,2,0
0,2,3,0
0,2,4,0
0,2,5,0
0,3,0,1
0,3,1,0
0,3,2,0
0,3,3,0
0,3,4,0
0,3,5,0
0,4,0,0
0,4,1,0
0,4,2,0
0,4,3,0
0,4,4,0
0,4,5,0
0,5,0,0
0,5,1,0
0,5,2,0
0,5,3,0
0,5,4,0
0,5,5,0
0,6,0,0
0,6,1,0
0,6,2,0
0,6,3,0
0,6,4,0
0,6,5,0
0,7,0,0
0,7,1,0
0,7,2,0
0,7,3,0
0,7,4,0
0,7,5,0
0,8,0,0
0,8,1,0
0,8,2,0
0,8,3,0
0,8,4,0
0,8,5,0
0,9,0,0
0,9,1,0
0,9,2,0
0,9,3,0
0,9,4,0
0,9,5,0
0,10,0,0
0,10,1,0
0,10,2,0
0,10,3,0
0,10,4,0
0,10,5,0
0,11,0,0
0,11,1,0
0,11,2,0
0,11,3,0
0,11,4,0
0,11,5,0
1,0,0,0
1,0,1,0
1,0,2,0
1,0,3,0
1,0,4,0
1,0,5,0
1,1,0,1
1,1,1,0
1,1,2,0
1,1,3,0
1,1,4,0
1,1,5,0
1,2,0,0
1,2,1,0
1,2,2,0
1,2,3,0
1,2,4,0
1,2,5,0
1,3,0,0
1,3,1,0
1,3,2,0
1,3,3,0
1,3,4,0
1,3,5,0
1,4,0,0
1,4,1,0
1,4,2,0
1,4,3,0
1,4,4,0
1,4,5,0
1,5,0,0
1,5,1,0
1,5,2,0
1,5,3,0
1,5,4,0
1,5,5,0
1,6,0,0
1,6,1,0
1,6,2,0
1,6,3,0
1,6,4,0
1,6,5,0
1,7,0,0
1,7,1,0
1,7,2,0
1,7,3,0
1,7,4,1
1,7,5,0
1,8,0,0
1,8,1,0
1,8,2,0
1,8,3,0
1,8,4,0
1,8,5,0
1,9,0,0
1,9,1,0
1,9,2,0
1,9,3,0
1,9,4,0
1,9,5,0
1,10,0,0
1,10,1,0
1,10,2,0
1,10,3,0
1,10,4,0
1,10,5,0
1,11,0,0
1,11,1,0
1,11,2,0
1,11,3,0
1,11,4,0
1,11,5,0
2,0,0,0
2,0,1,0
2,0,2,0
2,0,3,0
2,0,4,0
2,0,5,0
2,1,0,0
2,1,1,1
2,1,2,0
2,1,3,0
2,1,4,0
2,1,5,0
2,2,0,0
2,2,1,0
2,2,2,0
2,2,3,0
2,2,4,0
2,2,5,0
2,3,0,0
2,3,1,0
2,3,2,0
2,3,3,0
2,3,4,0
2,3,5,0
2,4,0,0
2,4,1,0
2,4,2,0
2,4,3,0
2,4,4,0
2,4,5,0
2,5,0,0
2,5,1,0
2,5,2,0
2,5,3,0
2,5,4,0
2,5,5,0
2,6,0,0
2,6,1,0
2,6,2,0
2,6,3,0
2,6,4,0
2,6,5,0
2,7,0,0
2,7,1,0
2,7,2,0
2,7,3,0
2,7,4,0
2,7,5,0
2,8,0,1
2,8,1,0
2,8,2,0
2,8,3,0
2,8,4,0
2,8,5,0
2,9,0,0
2,9,1,0
2,9,2,0
2,9,3,0
2,9,4,0
2,9,5,0
2,10,0,0
2,10,1,0
2,10,2,0
2,10,3,0
2,10,4,0
2,10,5,0
2,11,0,0
2,11,1,0
2,11,2,0
2,11,3,0
2,11,4,0
2,11,5,0
3,0,0,0
3,0,1,0
3,0,2,0
3,0,3,0
3,0,4,0
3,0,5,0
3,1,0,1
3,1,1,0
3,1,2,0
3,1,3,0
3,1,4,0
3,1,5,0
3,2,0,0
3,2,1,0
3,2,2,0
3,2,3,0
3,2,4,0
3,2,5,0
3,3,0,0
3,3,1,0
3,3,2,0
3,3,3,0
3,3,4,0
3,3,5,0
3,4,0,0
3,4,1,0
3,4,2,0
3,4,3,0
3,4,4,0
3,4,5,0
3,5,0,0
3,5,1,0
3,5,2,0
3,5,3,0
3,5,4,0
3,5,5,0
3,6,0,0
3,6,1,0
3,6,2,0
3,6,3,0
3,6,4,0
3,6,5,0
3,7,0,0
3,7,1,0
3,7,2,0
3,7,3,0
3,7,4,0
3,7,5,0
3,8,0,0
3,8,1,0
3,8,2,0
3,8,3,1
3,8,4,0
3,8,5,0
3,9,0,0
3,9,1,0
3,9,2,0
3,9,3,0
3,9,4,0
3,9,5,0
3,10,0,0
3,10,1,0
3,10,2,0
3,10,3,0
3,10,4,0
3,10,5,0
3,11,0,0
3,11,1,0
3,11,2,0
3,11,3,0
3,11,4,0
3,11,5,0
4,0,0,0
4,0,1,0
4,0,2,0
4,0,3,0
4,0,4,0
4,0,5,1
4,1,0,0
4,1,1,0
4,1,2,0
4,1,3,0
4,1,4,0
4,1,5,0
4,2,0,0
4,2,1,0
4,2,2,0
4,2,3,0
4,2,4,0
4,2,5,0
4,3,0,0
4,3,1,0
4,3,2,0
4,3,3,0
4,3,4,1
4,3,5,0
4,4,0,0
4,4,1,0
4,4,2,0
4,4,3,0
4,4,4,0
4,4,5,0
4,5,0,0
4,5,1,0
4,5,2,0
4,5,3,0
4,5,4,0
4,5,5,0
4,6,0,0
4,6,1,0
4,6,2,0
4,6,3,0
4,6,4,0
4,6,5,0
4,7,0,1
4,7,1,0
4,7,2,0
4,7,3,0
4,7,4,0
4,7,5,0
4,8,0,0
4,8,1,0
4,8,2,0
4,8,3,0
4,8,4,0
4,8,5,0
4,9,0,0
4,9,1,0
4,9,2,0
4,9,3,0
4,9,4,0
4,9,5,0
4,10,0,0
4,10,1,0
4,10,2,0
4,10,3,0
4,10,4,0
4,10,5,0
4,11,0,0
4,11,1,0
4,11,2,0
4,11,3,0
4,11,4,0
4,11,5,0
5,0,0,0
5,0,1,0
5,0,2,0
5,0,3,0
5,0,4,0
5,0,5,1
5,1,0,0
5,1,1,0
5,1,2,0
5,1,3,0
5,1,4,0
5,1,5,0
5,2,0,0
5,2,1,0
5,2,2,0
5,2,3,0
5,2,4,0
5,2,5,0
5,3,0,1
5,3,1,0
5,3,2,0
5,3,3,0
5,3,4,0
5,3,5,0
5,4,0,0
5,4,1,0
5,4,2,0
5,4,3,0
5,4,4,0
5,4,5,0
5,5,0,0
5,5,1,0
5,5,2,0
5,5,3,0
5,5,4,0
5,5,5,0
5,6,0,0
5,6,1,0
5,6,2,0
5,6,3,0
5,6,4,0
5,6,5,0
5,7,0,0
5,7,1,0
5,7,2,0
5,7,3,0
5,7,4,0
5,7,5,1
5,8,0,0
5,8,1,0
5,8,2,0
5,8,3,0
5,8,4,0
5,8,5,0
5,9,0,0
5,9,1,0
5,9,2,0
5,9,3,0
5,9,4,0
5,9,5,0
5,10,0,0
5,10,1,0
5,10,2,0
5,10,3,0
5,10,4,0
5,10,5,0
5,11,0,0
5,11,1,0
5,11,2,0
5,11,3,0
5,11,4,0
5,11,5,0
6,0,0,0
6,0,1,0
6,0,2,0
6,0,3,0
6,0,4,0
6,0,5,0
6,1,0,0
6,1,1,0
6,1,2,0
6,1,3,0
6,1,4,0
6,1,5,0
6,2,0,0
6,2,1,0
6,2,2,0
6,2,3,0
6,2,4,0
6,2,5,0
6,3,0,1
6,3,1,0
6,3,2,0
6,3,3,0
6,3,4,0
6,3,5,0
6,4,0,0
6,4,1,0
6,4,2,0
6,4,3,0
6,4,4,0
6,4,5,0
6,5,0,0
6,5,1,0
6,5,2,0
6,5,3,0
6,5,4,0
6,5,5,0
6,6,0,0
6,6,1,0
6,6,2,0
6,6,3,0
6,6,4,0
6,6,5,0
6,7,0,1
6,7,1,0
6,7,2,0
6,7,3,0
6,7,4,0
6,7,5,0
6,8,0,0
6,8,1,0
6,8,2,0
6,8,3,0
6,8,4,0
6,8,5,0
6,9,0,0
6,9,1,0
6,9,2,0
6,9,3,0
6,9,4,0
6,9,5,0
6,10,0,0
6,10,1,0
6,10,2,0
6,10,3,0
6,10,4,0
6,10,5,0
6,11,0,0
6,11,1,0
6,11,2,0
6,11,3,0
6,11,4,0
6,11,5,0
7,0,0,0
7,0,1,0
7,0,2,0
7,0,3,0
7,0,4,0
7,0,5,0
7,1,0,0
7,1,1,0
7,1,2,0
7,1,3,0
7,1,4,0
7,1,5,0
7,2,0,1
7,2,1,0
7,2,2,0
7,2,3,0
7,2,4,0
7,2,5,0
7,3,0,0
7,3,1,0
7,3,2,0
7,3,3,0
7,3,4,0
7,3,5,0
7,4,0,0
7,4,1,0
7,4,2,0
7,4,3,0
7,4,4,0
7,4,5,0
7,5,0,0
7,5,1,0
7,5,2,0
7,5,3,0
7,5,4,0
7,5,5,0
7,6,0,0
7,6,1,0
7,6,2,0
7,6,3,0
7,6,4,0
7,6,5,0
7,7,0,0
7,7,1,0
7,7,2,0
7,7,3,0
7,7,4,0
7,7,5,0
7,8,0,0
7,8,1,0
7,8,2,0
7,8,3,0
7,8,4,0
7,8,5,0
7,9,0,0
7,9,1,0
7,9,2,0
7,9,3,1
7,9,4,0
7,9,5,0
7,10,0,0
7,10,1,0
7,10,2,0
7,10,3,0
7,10,4,0
7,10,5,0
7,11,0,0
7,11,1,0
7,11,2,0
7,11,3,0
7,11,4,0
7,11,5,0
8,0,0,0
8,0,1,0
8,0,2,0
8,0,3,0
8,0,4,0
8,0,5,0
8,1,0,0
8,1,1,0
8,1,2,0
8,1,3,0
8,1,4,0
8,1,5,0
8,2,0,1
8,2,1,0
8,2,2,0
8,2,3,0
8,2,4,0
8,2,5,0
8,3,0,0
8,3,1,0
8,3,2,0
8,3,3,0
8,3,4,0
8,3,5,0
8,4,0,0
8,4,1,0
8,4,2,0
8,4,3,0
8,4,4,0
8,4,5,0
8,5,0,0
8,5,1,0
8,5,2,0
8,5,3,1
8,5,4,0
8,5,5,0
8,6,0,0
8,6,1,0
8,6,2,0
8,6,3,0
8,6,4,0
8,6,5,0
8,7,0,0
8,7,1,0
8,7,2,0
8,7,3,0
8,7,4,0
8,7,5,0
8,8,0,0
8,8,1,0
8,8,2,0
8,8,3,0
8,8,4,0
8,8,5,0
8,9,0,0
8,9,1,0
8,9,2,0
8,9,3,0
8,9,4,0
8,9,5,0
8,10,0,0
8,10,1,0
8,10,2,0
8,10,3,0
8,10,4,0
8,10,5,0
8,11,0,0
8,11,1,0
8,11,2,0
8,11,3,0
8,11,4,0
8,11,5,0
9,0,0,0
9,0,1,0
9,0,2,0
9,0,3,1
9,0,4,0
9,0,5,0
9,1,0,0
9,1,1,0
9,1,2,0
9,1,3,0
9,1,4,0
9,1,5,0
9,2,0,0
9,2,1,0
9,2,2,0
9,2,3,0
9,2,4,0
9,2,5,0
9,3,0,0
9,3,1,0
9,3,2,0
9,3,3,0
9,3,4,0
9,3,5,0
9,4,0,1
9,4,1,0
9,4,2,0
9,4,3,0
9,4,4,0
9,4,5,0
9,5,0,0
9,5,1,0
9,5,2,0
9,5,3,0
9,5,4,0
9,5,5,0
9,6,0,0
9,6,1,0
9,6,2,0
9,6,3,0
9,6,4,0
9,6,5,0
9,7,0,1
9,7,1,0
9,7,2,0
9,7,3,0
9,7,4,0
9,7,5,0
9,8,0,0
9,8,1,0
9,8,2,0
9,8,3,0
9,8,4,0
9,8,5,0
9,9,0,0
9,9,1,0
9,9,2,0
9,9,3,0
9,9,4,0
9,9,5,0
9,10,0,0
9,10,1,0
9,10,2,0
9,10,3,0
9,10,4,0
9,10,5,0
9,11,0,0
9,11,1,0
9,11,2,0
9,11,3,0
9,11,4,0
9,11,5,0
10,0,0,0
10,0,1,0
10,0,2,0
10,0,3,0
10,0,4,0
10,0,5,0
10,1,0,0
10,1,1,0
10,1,2,0
10,1,3,0
10,1,4,0
10,1,5,0
10,2,0,0
10,2,1,0
10,2,2,1
10,2,3,0
10,2,4,0
10,2,5,0
10,3,0,0
10,3,1,0
10,3,2,0
10,3,3,0
10,3,4,0
10,3,5,0
10,4,0,0
10,4,1,0
10,4,2,0
10,4,3,0
10,4,4,0
10,4,5,0
10,5,0,0
10,5,1,0
10,5,2,0
10,5,3,0
10,5,4,0
10,5,5,0
10,6,0,0
10,6,1,0
10,6,2,0
10,6,3,0
10,6,4,0
10,6,5,0
10,7,0,0
10,7,1,0
10,7,2,0
10,7,3,1
10,7,4,0
10,7,5,0
10,8,0,0
10,8,1,0
10,8,2,0
10,8,3,0
10,8,4,0
10,8,5,0
10,9,0,0
10,9,1,0
10,9,2,0
10,9,3,0
10,9,4,0
10,9,5,0
10,10,0,0
10,10,1,0
10,10,2,0
10,10,3,0
10,10,4,0
10,10,5,0
10,11,0,0
10,11,1,0
10,11,2,0
10,11,3,0
10,11,4,0
10,11,5,0
11,0,0,0
11,0,1,0
11,0,2,0
11,0,3,0
11,0,4,0
11,0,5,0
11,1,0,0
11,1,1,0
11,1,2,0
11,1,3,0
11,1,4,0
11,1,5,0
11,2,0,1
11,2,1,0
11,2,2,0
11,2,3,0
11,2,4,0
11,2,5,0
11,3,0,0
11,3,1,0
11,3,2,0
11,3,3,0
11,3,4,0
11,3,5,0
11,4,0,0
11,4,1,0
11,4,2,0
11,4,3,0
11,4,4,0
11,4,5,0
11,5,0,1
11,5,1,0
11,5,2,0
11,5,3,0
11,5,4,0
11,5,5,0
11,6,0,0
11,6,1,0
11,6,2,0
11,6,3,0
11,6,4,0
11,6,5,0
11,7,0,0
11,7,1,0
11,7,2,0
11,7,3,0
11,7,4,0
11,7,5,0
11,8,0,0
11,8,1,0
11,8,2,0
11,8,3,0
11,8,4,0
11,8,5,0
11,9,0,0
11,9,1,0
11,9,2,0
11,9,3,0
11,9,4,0
11,9,5,0
11,10,0,0
11,10,1,0
11,10,2,0
11,10,3,0
11,10,4,0
11,10,5,0
11,11,0,0
11,11,1,0
11,11,2,0
11,11,3,0
11,11,4,0
11,11,5,0
12,0,0,0
12,0,1,0
12,0,2,0
12,0,3,0
12,0,4,0
12,0,5,0
12,1,0,0
12,1,1,0
12,1,2,0
12,1,3,0
12,1,4,0
12,1,5,0
12,2,0,0
12,2,1,0
12,2,2,0
12,2,3,0
12,2,4,0
12,2,5,0
12,3,0,0
12,3,1,0
12,3,2,0
12,3,3,0
12,3,4,0
12,3,5,0
12,4,0,0
12,4,1,0
12,4,2,0
12,4,3,0
12,4,4,0
12,4,5,0
12,5,0,0
12,5,1,0
12,5,2,0
12,5,3,0
12,5,4,0
12,5,5,0
12,6,0,0
12,6,1,0
12,6,2,0
12,6,3,0
12,6,4,0
12,6,5,0
12,7,0,0
12,7,1,0
12,7,2,0
12,7,3,0
12,7,4,0
12,7,5,0
12,8,0,0
12,8,1,0
12,8,2,0
12,8,3,0
12,8,4,0
12,8,5,0
12,9,0,0
12,9,1,0
12,9,2,0
12,9,3,0
12,9,4,0
12,9,5,0
12,10,0,0
12,10,1,0
12,10,2,0
12,10,3,0
12,10,4,0
12,10,5,0
12,11,0,0
12,11,1,0
12,11,2,0
12,11,3,0
12,11,4,0
12,11,5,0
13,0,0,0
13,0,1,0
13,0,2,0
13,0,3,0
13,0,4,0
13,0,5,0
13,1,0,0
13,1,1,0
13,1,2,0
13,1,3,0
13,1,4,1
13,1,5,0
13,2,0,0
13,2,1,0
13,2,2,0
13,2,3,0
13,2,4,0
13,2,5,0
13,3,0,0
13,3,1,0
13,3,2,0
13,3,3,0
13,3,4,0
13,3,5,0
13,4,0,0
13,4,1,0
13,4,2,0
13,4,3,0
13,4,4,0
13,4,5,0
13,5,0,1
13,5,1,0
13,5,2,0
13,5,3,0
13,5,4,0
13,5,5,0
13,6,0,0
13,6,1,0
13,6,2,0
13,6,3,0
13,6,4,0
13,6,5,0
13,7,0,0
13,7,1,0
13,7,2,0
13,7,3,0
13,7,4,0
13,7,5,0
13,8,0,0
13,8,1,0
13,8,2,0
13,8,3,0
13,8,4,0
13,8,5,0
13,9,0,0
13,9,1,0
13,9,2,0
13,9,3,1
13,9,4,0
13,9,5,0
13,10,0,0
13,10,1,0
13,10,2,0
13,10,3,0
13,10,4,0
13,10,5,0
13,11,0,0
13,11,1,0
13,11,2,0
13,11,3,0
13,11,4,0
13,11,5,0
14,0,0,0
14,0,1,0
14,0,2,0
14,0,3,0
14,0,4,1
14,0,5,0
14,1,0,0
14,1,1,0
14,1,2,0
14,1,3,0
14,1,4,0
14,1,5,0
14,2,0,0
14,2,1,0
14,2,2,0
14,2,3,0
14,2,4,0
14,2,5,0
14,3,0,0
14,3,1,0
14,3,2,0
14,3,3,0
14,3,4,0
14,3,5,0
14,4,0,0
14,4,1,0
14,4,2,0
14,4,3,0
14,4,4,0
14,4,5,0
14,5,0,0
14,5,1,0
14,5,2,0
14,5,3,0
14,5,4,0
14,5,5,1
14,6,0,0
14,6,1,0
14,6,2,0
14,6,3,0
14,6,4,0
14,6,5,0
14,7,0,0
14,7,1,0
14,7,2,0
14,7,3,0
14,7,4,0
14,7,5,0
14,8,0,0
14,8,1,0
14,8,2,0
14,8,3,0
14,8,4,0
14,8,5,0
14,9,0,0
14,9,1,0
14,9,2,0
14,9,3,0
14,9,4,0
14,9,5,0
14,10,0,0
14,10,1,0
14,10,2,0
14,10,3,0
14,10,4,0
14,10,5,0
14,11,0,0
14,11,1,0
14,11,2,0
14,11,3,0
14,11,4,0
14,11,5,0
15,0,0,0
15,0,1,0
15,0,2,0
15,0,3,0
15,0,4,0
15,0,5,0
15,1,0,0
15,1,1,0
15,1,2,0
15,1,3,1
15,1,4,0
15,1,5,0
15,2,0,0
15,2,1,0
15,2,2,0
15,2,3,0
15,2,4,0
15,2,5,0
15,3,0,0
15,3,1,0
15,3,2,0
15,3,3,0
15,3,4,0
15,3,5,0
15,4,0,0
15,4,1,0
15,4,2,0
15,4,3,0
15,4,4,0
15,4,5,0
15,5,0,0
15,5,1,0
15,5,2,0
15,5,3,0
15,5,4,0
15,5,5,0
15,6,0,0
15,6,1,0
15,6,2,0
15,6,3,1
15,6,4,0
15,6,5,0
15,7,0,0
15,7,1,0
15,7,2,0
15,7,3,0
15,7,4,0
15,7,5,0
15,8,0,0
15,8,1,0
15,8,2,0
15,8,3,0
15,8,4,0
15,8,5,0
15,9,0,0
15,9,1,0
15,9,2,0
15,9,3,0
15,9,4,0
15,9,5,0
15,10,0,0
15,10,1,0
15,10,2,0
15,10,3,0
15,10,4,0
15,10,5,0
15,11,0,0
15,11,1,0
15,11,2,0
15,11,3,0
15,11,4,0
15,11,5,0
16,0,0,0
16,0,1,0
16,0,2,0
16,0,3,0
16,0,4,0
16,0,5,0
16,1,0,0
16,1,1,0
16,1,2,0
16,1,3,0
16,1,4,0
16,1,5,0
16,2,0,0
16,2,1,1
16,2,2,0
16,2,3,0
16,2,4,0
16,2,5,0
16,3,0,0
16,3,1,0
16,3,2,0
16,3,3,0
16,3,4,0
16,3,5,0
16,4,0,0
16,4,1,0
16,4,2,0
16,4,3,0
16,4,4,0
16,4,5,0
16,5,0,0
16,5,1,0
16,5,2,0
16,5,3,0
16,5,4,0
16,5,5,0
16,6,0,0
16,6,1,0
16,6,2,0
16,6,3,0
16,6,4,0
16,6,5,0
16,7,0,0
16,7,1,0
16,7,2,0
16,7,3,0
16,7,4,0
16,7,5,0
16,8,0,0
16,8,1,0
16,8,2,0
16,8,3,1
16,8,4,0
16,8,5,0
16,9,0,0
16,9,1,0
16,9,2,0
16,9,3,0
16,9,4,0
16,9,5,0
16,10,0,0
16,10,1,0
16,10,2,0
16,10,3,0
16,10,4,0
16,10,5,0
16,11,0,0
16,11,1,0
16,11,2,0
16,11,3,0
16,11,4,0
16,11,5,0
17,0,0,0
17,0,1,0
17,0,2,0
17,0,3,0
17,0,4,0
17,0,5,0
17,1,0,0
17,1,1,0
17,1,2,0
17,1,3,0
17,1,4,0
17,1,5,0
17,2,0,0
17,2,1,0
17,2,2,0
17,2,3,0
17,2,4,0
17,2,5,1
17,3,0,0
17,3,1,0
17,3,2,0
17,3,3,0
17,3,4,0
17,3,5,0
17,4,0,0
17,4,1,0
17,4,2,0
17,4,3,0
17,4,4,0
17,4,5,0
17,5,0,0
17,5,1,0
17,5,2,0
17,5,3,0
17,5,4,0
17,5,5,0
17,6,0,0
17,6,1,0
17,6,2,0
17,6,3,0
17,6,4,0
17,6,5,0
17,7,0,0
17,7,1,0
17,7,2,0
17,7,3,0
17,7,4,0
17,7,5,0
17,8,0,0
17,8,1,0
17,8,2,0
17,8,3,0
17,8,4,0
17,8,5,0
17,9,0,0
17,9,1,0
17,9,2,0
17,9,3,0
17,9,4,0
17,9,5,0
17,10,0,0
17,10,1,0
17,10,2,0
17,10,3,0
17,10,4,0
17,10,5,0
17,11,0,0
17,11,1,0
17,11,2,0
17,11,3,0
17,11,4,0
17,11,5,0
18,0,0,0
18,0,1,0
18,0,2,0
18,0,3,1
18,0,4,0
18,0,5,0
18,1,0,0
18,1,1,0
18,1,2,0
18,1,3,0
18,1,4,0
18,1,5,0
18,2,0,0
18,2,1,0
18,2,2,0
18,2,3,0
18,2,4,0
18,2,5,0
18,3,0,0
18,3,1,0
18,3,2,0
18,3,3,0
18,3,4,0
18,3,5,0
18,4,0,0
18,4,1,0
18,4,2,0
18,4,3,0
18,4,4,0
18,4,5,0
18,5,0,0
18,5,1,0
18,5,2,0
18,5,3,0
18,5,4,0
18,5,5,0
18,6,0,0
18,6,1,0
18,6,2,0
18,6,3,0
18,6,4,0
18,6,5,0
18,7,0,0
18,7,1,0
18,7,2,0
18,7,3,0
18,7,4,0
18,7,5,0
18,8,0,0
18,8,1,0
18,8,2,0
18,8,3,0
18,8,4,0
18,8,5,0
18,9,0,0
18,9,1,0
18,9,2,0
18,9,3,0
18,9,4,0
18,9,5,0
18,10,0,0
18,10,1,0
18,10,2,0
18,10,3,0
18,10,4,0
18,10,5,0
18,11,0,0
18,11,1,0
18,11,2,0
18,11,3,0
18,11,4,0
18,11,5,0
19,0,0,0
19,0,1,0
19,0,2,0
19,0,3,0
19,0,4,0
19,0,5,0
19,1,0,0
19,1,1,0
19,1,2,0
19,1,3,1
19,1,4,0
19,1,5,0
19,2,0,0
19,2,1,0
19,2,2,0
19,2,3,0
19,2,4,0
19,2,5,0
19,3,0,0
19,3,1,0
19,3,2,0
19,3,3,0
19,3,4,0
19,3,5,0
19,4,0,0
19,4,1,0
19,4,2,0
19,4,3,0
19,4,4,0
19,4,5,0
19,5,0,0
19,5,1,0
19,5,2,0
19,5,3,0
19,5,4,0
19,5,5,0
19,6,0,0
19,6,1,0
19,6,2,0
19,6,3,0
19,6,4,0
19,6,5,0
19,7,0,0
19,7,1,0
19,7,2,0
19,7,3,0
19,7,4,0
19,7,5,0
19,8,0,0
19,8,1,0
19,8,2,0
19,8,3,0
19,8,4,0
19,8,5,0
19,9,0,0
19,9,1,0
19,9,2,0
19,9,3,0
19,9,4,0
19,9,5,0
19,10,0,0
19,10,1,0
19,10,2,0
19,10,3,0
19,10,4,0
19,10,5,0
19,11,0,0
19,11,1,0
19,11,2,0
19,11,3,0
19,11,4,0
19,11,5,0
20,0,0,0
20,0,1,0
20,0,2,0
20,0,3,0
20,0,4,1
20,0,5,0
20,1,0,0
20,1,1,0
20,1,2,0
20,1,3,0
20,1,4,0
20,1,5,0
20,2,0,0
20,2,1,0
20,2,2,0
20,2,3,0
20,2,4,0
20,2,5,0
20,3,0,1
20,3,1,0
20,3,2,0
20,3,3,0
20,3,4,0
20,3,5,0
20,4,0,0
20,4,1,0
20,4,2,0
20,4,3,0
20,4,4,0
20,4,5,0
20,5,0,0
20,5,1,0
20,5,2,0
20,5,3,0
20,5,4,0
20,5,5,0
20,6,0,0
20,6,1,0
20,6,2,0
20,6,3,0
20,6,4,0
20,6,5,0
20,7,0,0
20,7,1,0
20,7,2,0
20,7,3,0
20,7,4,0
20,7,5,0
20,8,0,0
20,8,1,0
20,8,2,0
20,8,3,0
20,8,4,0
20,8,5,0
20,9,0,0
20,9,1,0
20,9,2,0
20,9,3,0
20,9,4,0
20,9,5,0
20,10,0,0
20,10,1,0
20,10,2,0
20,10,3,0
20,10,4,0
20,10,5,0
20,11,0,0
20,11,1,0
20,11,2,0
20,11,3,0
20,11,4,0
20,11,5,0
21,0,0,0
21,0,1,0
21,0,2,0
21,0,3,0
21,0,4,0
21,0,5,0
21,1,0,0
21,1,1,0
21,1,2,0
21,1,3,0
21,1,4,0
21,1,5,1
21,2,0,0
21,2,1,0
21,2,2,0
21,2,3,0
21,2,4,0
21,2,5,0
21,3,0,0
21,3,1,0
21,3,2,0
21,3,3,0
21,3,4,0
21,3,5,0
21,4,0,0
21,4,1,0
21,4,2,0
21,4,3,0
21,4,4,0
21,4,5,1
21,5,0,0
21,5,1,0
21,5,2,0
21,5,3,0
21,5,4,0
21,5,5,0
21,6,0,0
21,6,1,0
21,6,2,0
21,6,3,0
21,6,4,0
21,6,5,0
21,7,0,0
21,7,1,0
21,7,2,0
21,7,3,0
21,7,4,0
21,7,5,0
21,8,0,0
21,8,1,0
21,8,2,0
21,8,3,0
21,8,4,0
21,8,5,1
21,9,0,0
21,9,1,0
21,9,2,0
21,9,3,0
21,9,4,0
21,9,5,0
21,10,0,0
21,10,1,0
21,10,2,0
21,10,3,0
21,10,4,0
21,10,5,0
21,11,0,0
21,11,1,0
21,11,2,0
21,11,3,0
21,11,4,0
21,11,5,0
22,0,0,0
22,0,1,0
22,0,2,0
22,0,3,0
22,0,4,0
22,0,5,0
22,1,0,0
22,1,1,0
22,1,2,0
22,1,3,0
22,1,4,0
22,1,5,0
22,2,0,0
22,2,1,0
22,2,2,0
22,2,3,0
22,2,4,0
22,2,5,0
22,3,0,0
22,3,1,0
22,3,2,0
22,3,3,0
22,3,4,0
22,3,5,0
22,4,0,0
22,4,1,0
22,4,2,0
22,4,3,0
22,4,4,0
22,4,5,0
22,5,0,0
22,5,1,0
22,5,2,0
22,5,3,0
22,5,4,0
22,5,5,0
22,6,0,1
22,6,1,0
22,6,2,0
22,6,3,0
22,6,4,0
22,6,5,0
22,7,0,0
22,7,1,0
22,7,2,0
22,7,3,0
22,7,4,0
22,7,5,0
22,8,0,0
22,8,1,0
22,8,2,0
22,8,3,0
22,8,4,0
22,8,5,0
22,9,0,0
22,9,1,0
22,9,2,0
22,9,3,1
22,9,4,0
22,9,5,0
22,10,0,0
22,10,1,0
22,10,2,0
22,10,3,0
22,10,4,0
22,10,5,0
22,11,0,0
22,11,1,0
22,11,2,0
22,11,3,0
22,11,4,0
22,11,5,0
23,0,0,0
23,0,1,0
23,0,2,0
23,0,3,0
23,0,4,0
23,0,5,0
23,1,0,0
23,1,1,0
23,1,2,0
23,1,3,0
23,1,4,0
23,1,5,0
23,2,0,0
23,2,1,0
23,2,2,0
23,2,3,0
23,2,4,0
23,2,5,0
23,3,0,0
23,3,1,0
23,3,2,1
23,3,3,0
23,3,4,0
23,3,5,0
23,4,0,0
23,4,1,0
23,4,2,0
23,4,3,0
23,4,4,0
23,4,5,0
23,5,0,0
23,5,1,0
23,5,2,0
23,5,3,0
23,5,4,0
23,5,5,0
23,6,0,0
23,6,1,0
23,6,2,0
23,6,3,0
23,6,4,0
23,6,5,0
23,7,0,0
23,7,1,0
23,7,2,0
23,7,3,0
23,7,4,0
23,7,5,0
23,8,0,0
23,8,1,0
23,8,2,0
23,8,3,1
23,8,4,0
23,8,5,0
23,9,0,0
23,9,1,0
23,9,2,0
23,9,3,0
23,9,4,0
23,9,5,0
23,10,0,0
23,10,1,0
23,10,2,0
23,10,3,0
23,10,4,0
23,10,5,0
23,11,0,0
23,11,1,0
23,11,2,0
23,11,3,0
23,11,4,0
23,11,5,0
24,0,0,0
24,0,1,0
24,0,2,0
24,0,3,0
24,0,4,0
24,0,5,0
24,1,0,0
24,1,1,0
24,1,2,0
24,1,3,0
24,1,4,0
24,1,5,0
24,2,0,0
24,2,1,0
24,2,2,0
24,2,3,0
24,2,4,0
24,2,5,0
24,3,0,0
24,3,1,0
24,3,2,0
24,3,3,0
24,3,4,0
24,3,5,0
24,4,0,0
24,4,1,0
24,4,2,1
24,4,3,0
24,4,4,0
24,4,5,0
24,5,0,0
24,5,1,0
24,5,2,0
24,5,3,0
24,5,4,0
24,5,5,0
24,6,0,0
24,6,1,0
24,6,2,0
24,6,3,0
24,6,4,0
24,6,5,0
24,7,0,0
24,7,1,0
24,7,2,0
24,7,3,0
24,7,4,0
24,7,5,0
24,8,0,0
24,8,1,0
24,8,2,0
24,8,3,0
24,8,4,0
24,8,5,0
24,9,0,0
24,9,1,0
24,9,2,0
24,9,3,0
24,9,4,0
24,9,5,0
24,10,0,0
24,10,1,0
24,10,2,0
24,10,3,0
24,10,4,0
24,10,5,0
24,11,0,0
24,11,1,0
24,11,2,0
24,11,3,0
24,11,4,0
24,11,5,0
25,0,0,0
25,0,1,0
25,0,2,0
25,0,3,0
25,0,4,0
25,0,5,0
25,1,0,1
25,1,1,0
25,1,2,0
25,1,3,0
25,1,4,0
25,1,5,0
25,2,0,0
25,2,1,0
25,2,2,0
25,2,3,0
25,2,4,0
25,2,5,0
25,3,0,0
25,3,1,0
25,3,2,0
25,3,3,0
25,3,4,0
25,3,5,0
25,4,0,0
25,4,1,0
25,4,2,0
25,4,3,0
25,4,4,0
25,4,5,0
25,5,0,0
25,5,1,0
25,5,2,0
25,5,3,0
25,5,4,0
25,5,5,0
25,6,0,0
25,6,1,0
25,6,2,0
25,6,3,0
25,6,4,0
25,6,5,0
25,7,0,0
25,7,1,0
25,7,2,0
25,7,3,1
25,7,4,0
25,7,5,0
25,8,0,0
25,8,1,0
25,8,2,0
25,8,3,0
25,8,4,0
25,8,5,0
25,9,0,0
25,9,1,0
25,9,2,0
25,9,3,0
25,9,4,0
25,9,5,0
25,10,0,0
25,10,1,0
25,10,2,0
25,10,3,0
25,10,4,0
25,10,5,0
25,11,0,0
25,11,1,0
25,11,2,0
25,11,3,0
25,11,4,0
25,11,5,0
26,0,0,0
26,0,1,0
26,0,2,0
26,0,3,0
26,0,4,0
26,0,5,0
26,1,0,0
26,1,1,0
26,1,2,0
26,1,3,0
26,1,4,0
26,1,5,0
26,2,0,0
26,2,1,0
26,2,2,0
26,2,3,0
26,2,4,0
26,2,5,0
26,3,0,0
26,3,1,0
26,3,2,0
26,3,3,0
26,3,4,0
26,3,5,0
26,4,0,1
26,4,1,0
26,4,2,0
26,4,3,0
26,4,4,0
26,4,5,0
26,5,0,0
26,5,1,0
26,5,2,0
26,5,3,0
26,5,4,0
26,5,5,0
26,6,0,0
26,6,1,0
26,6,2,0
26,6,3,0
26,6,4,0
26,6,5,0
26,7,0,0
26,7,1,0
26,7,2,0
26,7,3,0
26,7,4,0
26,7,5,0
26,8,0,0
26,8,1,0
26,8,2,0
26,8,3,0
26,8,4,0
26,8,5,0
26,9,0,0
26,9,1,0
26,9,2,0
26,9,3,0
26,9,4,0
26,9,5,0
26,10,0,0
26,10,1,0
26,10,2,0
26,10,3,0
26,10,4,0
26,10,5,0
26,11,0,0
26,11,1,0
26,11,2,0
26,11,3,0
26,11,4,0
26,11,5,0
27,0,0,0
27,0,1,0
27,0,2,0
27,0,3,1
27,0,4,0
27,0,5,0
27,1,0,0
27,1,1,0
27,1,2,0
27,1,3,0
27,1,4,0
27,1,5,0
27,2,0,0
27,2,1,0
27,2,2,0
27,2,3,0
27,2,4,0
27,2,5,0
27,3,0,0
27,3,1,0
27,3,2,0
27,3,3,0
27,3,4,0
27,3,5,0
27,4,0,0
27,4,1,0
27,4,2,0
27,4,3,0
27,4,4,0
27,4,5,0
27,5,0,0
27,5,1,0
27,5,2,0
27,5,3,0
27,5,4,0
27,5,5,0
27,6,0,0
27,6,1,0
27,6,2,0
27,6,3,0
27,6,4,0
27,6,5,0
27,7,0,0
27,7,1,0
27,7,2,0
27,7,3,0
27,7,4,0
27,7,5,0
27,8,0,0
27,8,1,0
27,8,2,0
27,8,3,0
27,8,4,0
27,8,5,0
27,9,0,0
27,9,1,0
27,9,2,0
27,9,3,0
27,9,4,0
27,9,5,0
27,10,0,0
27,10,1,0
27,10,2,0
27,10,3,0
27,10,4,0
27,10,5,0
27,11,0,0
27,11,1,0
27,11,2,0
27,11,3,0
27,11,4,0
27,11,5,0
28,0,0,0
28,0,1,0
28,0,2,0
28,0,3,0
28,0,4,0
28,0,5,0
28,1,0,0
28,1,1,0
28,1,2,0
28,1,3,0
28,1,4,0
28,1,5,0
28,2,0,0
28,2,1,0
28,2,2,1
28,2,3,0
28,2,4,0
28,2,5,0
28,3,0,0
28,3,1,0
28,3,2,0
28,3,3,0
28,3,4,0
28,3,5,0
28,4,0,0
28,4,1,0
28,4,2,0
28,4,3,0
28,4,4,0
28,4,5,0
28,5,0,0
28,5,1,0
28,5,2,0
28,5,3,0
28,5,4,0
28,5,5,0
28,6,0,1
28,6,1,0
28,6,2,0
28,6,3,0
28,6,4,0
28,6,5,0
28,7,0,0
28,7,1,0
28,7,2,0
28,7,3,0
28,7,4,0
28,7,5,0
28,8,0,0
28,8,1,0
28,8,2,0
28,8,3,0
28,8,4,0
28,8,5,0
28,9,0,0
28,9,1,0
28,9,2,0
28,9,3,0
28,9,4,0
28,9,5,0
28,10,0,0
28,10,1,0
28,10,2,0
28,10,3,0
28,10,4,0
28,10,5,0
28,11,0,0
28,11,1,0
28,11,2,0
28,11,3,0
28,11,4,0
28,11,5,0
29,0,0,0
29,0,1,0
29,0,2,0
29,0,3,1
29,0,4,0
29,0,5,0
29,1,0,0
29,1,1,0
29,1,2,0
29,1,3,0
29,1,4,0
29,1,5,0
29,2,0,0
29,2,1,0
29,2,2,0
29,2,3,0
29,2,4,0
29,2,5,0
29,3,0,0
29,3,1,0
29,3,2,0
29,3,3,0
29,3,4,0
29,3,5,0
29,4,0,0
29,4,1,0
29,4,2,0
29,4,3,0
29,4,4,0
29,4,5,0
29,5,0,1
29,5,1,0
29,5,2,0
29,5,3,0
29,5,4,0
29,5,5,0
29,6,0,0
29,6,1,0
29,6,2,0
29,6,3,0
29,6,4,0
29,6,5,0
29,7,0,0
29,7,1,0
29,7,2,0
29,7,3,0
29,7,4,0
29,7,5,0
29,8,0,0
29,8,1,0
29,8,2,0
29,8,3,0
29,8,4,1
29,8,5,0
29,9,0,0
29,9,1,0
29,9,2,0
29,9,3,0
29,9,4,0
29,9,5,0
29,10,0,0
29,10,1,0
29,10,2,0
29,10,3,0
29,10,4,0
29,10,5,0
29,11,0,0
29,11,1,0
29,11,2,0
29,11,3,0
29,11,4,0
29,11,5,0
30,0,0,0
30,0,1,0
30,0,2,0
30,0,3,1
30,0,4,0
30,0,5,0
30,1,0,0
30,1,1,0
30,1,2,0
30,1,3,0
30,1,4,0
30,1,5,0
30,2,0,0
30,2,1,0
30,2,2,0
30,2,3,0
30,2,4,0
30,2,5,0
30,3,0,1
30,3,1,0
30,3,2,0
30,3,3,0
30,3,4,0
30,3,5,0
30,4,0,0
30,4,1,0
30,4,2,0
30,4,3,0
30,4,4,0
30,4,5,0
30,5,0,0
30,5,1,0
30,5,2,0
30,5,3,0
30,5,4,0
30,5,5,0
30,6,0,0
30,6,1,0
30,6,2,0
30,6,3,0
30,6,4,0
30,6,5,0
30,7,0,0
30,7,1,0
30,7,2,0
30,7,3,0
30,7,4,0
30,7,5,0
30,8,0,0
30,8,1,0
30,8,2,0
30,8,3,0
30,8,4,0
30,8,5,0
30,9,0,0
30,9,1,0
30,9,2,0
30,9,3,0
30,9,4,0
30,9,5,0
30,10,0,0
30,10,1,0
30,10,2,0
30,10,3,0
30,10,4,0
30,10,5,0
30,11,0,0
30,11,1,0
30,11,2,0
30,11,3,0
30,11,4,0
30,11,5,0
31,0,0,0
31,0,1,0
31,0,2,0
31,0,3,0
31,0,4,0
31,0,5,0
31,1,0,0
31,1,1,0
31,1,2,0
31,1,3,0
31,1,4,0
31,1,5,0
31,2,0,0
31,2,1,0
31,2,2,0
31,2,3,0
31,2,4,0
31,2,5,0
31,3,0,0
31,3,1,0
31,3,2,0
31,3,3,0
31,3,4,0
31,3,5,0
31,4,0,0
31,4,1,0
31,4,2,0
31,4,3,0
31,4,4,0
31,4,5,0
31,5,0,0
31,5,1,0
31,5,2,1
31,5,3,0
31,5,4,0
31,5,5,0
31,6,0,0
31,6,1,0
31,6,2,0
31,6,3,0
31,6,4,0
31,6,5,0
31,7,0,0
31,7,1,0
31,7,2,0
31,7,3,0
31,7,4,0
31,7,5,0
31,8,0,0
31,8,1,0
31,8,2,0
31,8,3,0
31,8,4,0
31,8,5,1
31,9,0,0
31,9,1,0
31,9,2,0
31,9,3,0
31,9,4,0
31,9,5,0
31,10,0,0
31,10,1,0
31,10,2,0
31,10,3,0
31,10,4,0
31,10,5,0
31,11,0,0
31,11,1,0
31,11,2,0
31,11,3,0
31,11,4,0
31,11,5,0
32,0,0,0
32,0,1,0
32,0,2,0
32,0,3,1
32,0,4,0
32,0,5,0
32,1,0,0
32,1,1,0
32,1,2,0
32,1,3,0
32,1,4,0
32,1,5,0
32,2,0,0
32,2,1,0
32,2,2,0
32,2,3,0
32,2,4,0
32,2,5,0
32,3,0,0
32,3,1,0
32,3,2,0
32,3,3,0
32,3,4,0
32,3,5,0
32,4,0,1
32,4,1,0
32,4,2,0
32,4,3,0
32,4,4,0
32,4,5,0
32,5,0,0
32,5,1,0
32,5,2,0
32,5,3,0
32,5,4,0
32,5,5,0
32,6,0,0
32,6,1,0
32,6,2,0
32,6,3,0
32,6,4,0
32,6,5,0
32,7,0,0
32,7,1,0
32,7,2,0
32,7,3,0
32,7,4,0
32,7,5,0
32,8,0,0
32,8,1,0
32,8,2,0
32,8,3,0
32,8,4,0
32,8,5,1
32,9,0,0
32,9,1,0
32,9,2,0
32,9,3,0
32,9,4,0
32,9,5,0
32,10,0,0
32,10,1,0
32,10,2,0
32,10,3,0
32,10,4,0
32,10,5,0
32,11,0,0
32,11,1,0
32,11,2,0
32,11,3,0
32,11,4,0
32,11,5,0
33,0,0,0
33,0,1,0
33,0,2,0
33,0,3,0
33,0,4,0
33,0,5,0
33,1,0,0
33,1,1,1
33,1,2,0
33,1,3,0
33,1,4,0
33,1,5,0
33,2,0,0
33,2,1,0
33,2,2,0
33,2,3,0
33,2,4,0
33,2,5,0
33,3,0,0
33,3,1,0
33,3,2,0
33,3,3,0
33,3,4,0
33,3,5,0
33,4,0,0
33,4,1,0
33,4,2,0
33,4,3,1
33,4,4,0
33,4,5,0
33,5,0,0
33,5,1,0
33,5,2,0
33,5,3,0
33,5,4,0
33,5,5,0
33,6,0,0
33,6,1,0
33,6,2,0
33,6,3,0
33,6,4,0
33,6,5,0
33,7,0,0
33,7,1,0
33,7,2,0
33,7,3,0
33,7,4,0
33,7,5,0
33,8,0,0
33,8,1,0
33,8,2,0
33,8,3,0
33,8,4,0
33,8,5,1
33,9,0,0
33,9,1,0
33,9,2,0
33,9,3,0
33,9,4,0
33,9,5,0
33,10,0,0
33,10,1,0
33,10,2,0
33,10,3,0
33,10,4,0
33,10,5,0
33,11,0,0
33,11,1,0
33,11,2,0
33,11,3,0
33,11,4,0
33,11,5,0
34,0,0,0
34,0,1,0
34,0,2,0
34,0,3,0
34,0,4,0
34,0,5,0
34,1,0,0
34,1,1,0
34,1,2,0
34,1,3,0
34,1,4,0
34,1,5,0
34,2,0,0
34,2,1,0
34,2,2,0
34,2,3,0
34,2,4,0
34,2,5,0
34,3,0,0
34,3,1,0
34,3,2,0
34,3,3,0
34,3,4,0
34,3,5,0
34,4,0,0
34,4,1,0
34,4,2,0
34,4,3,0
34,4,4,0
34,4,5,0
34,5,0,0
34,5,1,0
34,5,2,1
34,5,3,0
34,5,4,0
34,5,5,0
34,6,0,0
34,6,1,0
34,6,2,0
34,6,3,0
34,6,4,0
34,6,5,0
34,7,0,0
34,7,1,0
34,7,2,0
34,7,3,0
34,7,4,0
34,7,5,0
34,8,0,1
34,8,1,0
34,8,2,0
34,8,3,0
34,8,4,0
34,8,5,0
34,9,0,0
34,9,1,0
34,9,2,0
34,9,3,0
34,9,4,0
34,9,5,0
34,10,0,0
34,10,1,0
34,10,2,0
34,10,3,0
34,10,4,0
34,10,5,0
34,11,0,0
34,11,1,0
34,11,2,0
34,11,3,0
34,11,4,0
34,11,5,0
35,0,0,0
35,0,1,0
35,0,2,0
35,0,3,0
35,0,4,0
35,0,5,0
35,1,0,0
35,1,1,0
35,1,2,0
35,1,3,0
35,1,4,0
35,1,5,0
35,2,0,1
35,2,1,0
35,2,2,0
35,2,3,0
35,2,4,0
35,2,5,0
35,3,0,0
35,3,1,0
35,3,2,0
35,3,3,0
35,3,4,0
35,3,5,0
35,4,0,0
35,4,1,0
35,4,2,0
35,4,3,0
35,4,4,0
35,4,5,0
35,5,0,0
35,5,1,0
35,5,2,0
35,5,3,0
35,5,4,0
35,5,5,0
35,6,0,0
35,6,1,0
35,6,2,0
35,6,3,0
35,6,4,0
35,6,5,0
35,7,0,0
35,7,1,0
35,7,2,0
35,7,3,0
35,7,4,0
35,7,5,0
35,8,0,0
35,8,1,0
35,8,2,0
35,8,3,0
35,8,4,0
35,8,5,0
35,9,0,0
35,9,1,0
35,9,2,0
35,9,3,0
35,9,4,0
35,9,5,0
35,10,0,0
35,10,1,0
35,10,2,0
35,10,3,0
35,10,4,0
35,10,5,0
35,11,0,0
35,11,1,0
35,11,2,0
35,11,3,0
35,11,4,0
35,11,5,0
36,0,0,0
36,0,1,0
36,0,2,0
36,0,3,0
36,0,4,0
36,0,5,0
36,1,0,0
36,1,1,0
36,1,2,0
36,1,3,1
36,1,4,0
36,1,5,0
36,2,0,0
36,2,1,0
36,2,2,0
36,2,3,0
36,2,4,0
36,2,5,0
36,3,0,0
36,3,1,0
36,3,2,0
36,3,3,0
36,3,4,0
36,3,5,0
36,4,0,0
36,4,1,0
36,4,2,0
36,4,3,0
36,4,4,0
36,4,5,0
36,5,0,0
36,5,1,0
36,5,2,0
36,5,3,0
36,5,4,0
36,5,5,0
36,6,0,0
36,6,1,0
36,6,2,0
36,6,3,0
36,6,4,0
36,6,5,0
36,7,0,0
36,7,1,0
36,7,2,0
36,7,3,0
36,7,4,0
36,7,5,0
36,8,0,0
36,8,1,0
36,8,2,0
36,8,3,0
36,8,4,0
36,8,5,0
36,9,0,0
36,9,1,0
36,9,2,0
36,9,3,0
36,9,4,0
36,9,5,0
36,10,0,0
36,10,1,0
36,10,2,0
36,10,3,0
36,10,4,0
36,10,5,0
36,11,0,0
36,11,1,0
36,11,2,0
36,11,3,0
36,11,4,0
36,11,5,0
37,0,0,0
37,0,1,0
37,0,2,0
37,0,3,0
37,0,4,0
37,0,5,0
37,1,0,0
37,1,1,0
37,1,2,0
37,1,3,0
37,1,4,0
37,1,5,0
37,2,0,0
37,2,1,0
37,2,2,0
37,2,3,0
37,2,4,0
37,2,5,0
37,3,0,0
37,3,1,0
37,3,2,0
37,3,3,0
37,3,4,0
37,3,5,0
37,4,0,0
37,4,1,0
37,4,2,0
37,4,3,0
37,4,4,0
37,4,5,0
37,5,0,0
37,5,1,0
37,5,2,0
37,5,3,0
37,5,4,0
37,5,5,0
37,6,0,0
37,6,1,0
37,6,2,0
37,6,3,0
37,6,4,0
37,6,5,0
37,7,0,0
37,7,1,0
37,7,2,0
37,7,3,0
37,7,4,0
37,7,5,0
37,8,0,0
37,8,1,0
37,8,2,0
37,8,3,0
37,8,4,0
37,8,5,0
37,9,0,0
37,9,1,0
37,9,2,0
37,9,3,0
37,9,4,0
37,9,5,0
37,10,0,0
37,10,1,0
37,10,2,0
37,10,3,0
37,10,4,0
37,10,5,0
37,11,0,0
37,11,1,0
37,11,2,0
37,11,3,0
37,11,4,0
37,11,5,0
38,0,0,0
38,0,1,0
38,0,2,0
38,0,3,1
38,0,4,0
38,0,5,0
38,1,0,0
38,1,1,0
38,1,2,0
38,1,3,0
38,1,4,0
38,1,5,0
38,2,0,0
38,2,1,0
38,2,2,0
38,2,3,0
38,2,4,0
38,2,5,0
38,3,0,0
38,3,1,0
38,3,2,0
38,3,3,0
38,3,4,0
38,3,5,0
38,4,0,0
38,4,1,0
38,4,2,0
38,4,3,0
38,4,4,0
38,4,5,0
38,5,0,0
38,5,1,0
38,5,2,0
38,5,3,0
38,5,4,0
38,5,5,0
38,6,0,0
38,6,1,0
38,6,2,0
38,6,3,0
38,6,4,0
38,6,5,0
38,7,0,0
38,7,1,0
38,7,2,0
38,7,3,0
38,7,4,0
38,7,5,0
38,8,0,0
38,8,1,0
38,8,2,0
38,8,3,0
38,8,4,0
38,8,5,0
38,9,0,0
38,9,1,0
38,9,2,0
38,9,3,0
38,9,4,0
38,9,5,0
38,10,0,0
38,10,1,0
38,10,2,0
38,10,3,0
38,10,4,0
38,10,5,0
38,11,0,0
38,11,1,0
38,11,2,0
38,11,3,0
38,11,4,0
38,11,5,0
39,0,0,0
39,0,1,0
39,0,2,0
39,0,3,0
39,0,4,0
39,0,5,1
39,1,0,0
39,1,1,0
39,1,2,0
39,1,3,0
39,1,4,0
39,1,5,0
39,2,0,0
39,2,1,0
39,2,2,0
39,2,3,1
39,2,4,0
39,2,5,0
39,3,0,0
39,3,1,0
39,3,2,0
39,3,3,0
39,3,4,0
39,3,5,0
39,4,0,0
39,4,1,0
39,4,2,0
39,4,3,0
39,4,4,0
39,4,5,0
39,5,0,0
39,5,1,0
39,5,2,0
39,5,3,0
39,5,4,0
39,5,5,0
39,6,0,0
39,6,1,0
39,6,2,0
39,6,3,0
39,6,4,0
39,6,5,0
39,7,0,1
39,7,1,0
39,7,2,0
39,7,3,0
39,7,4,0
39,7,5,0
39,8,0,0
39,8,1,0
39,8,2,0
39,8,3,0
39,8,4,0
39,8,5,0
39,9,0,0
39,9,1,0
39,9,2,0
39,9,3,0
39,9,4,0
39,9,5,0
39,10,0,0
39,10,1,0
39,10,2,0
39,10,3,0
39,10,4,0
39,10,5,0
39,11,0,0
39,11,1,0
39,11,2,0
39,11,3,0
39,11,4,0
39,11,5,0
40,0,0,0
40,0,1,0
40,0,2,0
40,0,3,0
40,0,4,0
40,0,5,0
40,1,0,0
40,1,1,0
40,1,2,0
40,1,3,0
40,1,4,0
40,1,5,1
40,2,0,0
40,2,1,0
40,2,2,0
40,2,3,0
40,2,4,0
40,2,5,0
40,3,0,0
40,3,1,0
40,3,2,0
40,3,3,0
40,3,4,0
40,3,5,0
40,4,0,0
40,4,1,0
40,4,2,0
40,4,3,0
40,4,4,0
40,4,5,0
40,5,0,0
40,5,1,0
40,5,2,0
40,5,3,0
40,5,4,0
40,5,5,0
40,6,0,0
40,6,1,0
40,6,2,0
40,6,3,0
40,6,4,0
40,6,5,0
40,7,0,0
40,7,1,0
40,7,2,0
40,7,3,0
40,7,4,0
40,7,5,0
40,8,0,0
40,8,1,0
40,8,2,0
40,8,3,0
40,8,4,0
40,8,5,0
40,9,0,0
40,9,1,0
40,9,2,0
40,9,3,0
40,9,4,0
40,9,5,0
40,10,0,0
40,10,1,0
40,10,2,0
40,10,3,0
40,10,4,0
40,10,5,0
40,11,0,0
40,11,1,0
40,11,2,0
40,11,3,0
40,11,4,0
40,11,5,0
41,0,0,0
41,0,1,0
41,0,2,0
41,0,3,1
41,0,4,0
41,0,5,0
41,1,0,0
41,1,1,0
41,1,2,0
41,1,3,0
41,1,4,0
41,1,5,0
41,2,0,0
41,2,1,0
41,2,2,0
41,2,3,0
41,2,4,0
41,2,5,0
41,3,0,0
41,3,1,0
41,3,2,0
41,3,3,0
41,3,4,0
41,3,5,0
41,4,0,0
41,4,1,0
41,4,2,0
41,4,3,0
41,4,4,0
41,4,5,0
41,5,0,0
41,5,1,0
41,5,2,0
41,5,3,0
41,5,4,0
41,5,5,0
41,6,0,1
41,6,1,0
41,6,2,0
41,6,3,0
41,6,4,0
41,6,5,0
41,7,0,0
41,7,1,0
41,7,2,0
41,7,3,0
41,7,4,0
41,7,5,0
41,8,0,0
41,8,1,0
41,8,2,0
41,8,3,0
41,8,4,0
41,8,5,0
41,9,0,0
41,9,1,0
41,9,2,0
41,9,3,0
41,9,4,0
41,9,5,0
41,10,0,0
41,10,1,0
41,10,2,0
41,10,3,0
41,10,4,0
41,10,5,0
41,11,0,0
41,11,1,0
41,11,2,0
41,11,3,0
41,11,4,0
41,11,5,0
42,0,0,0
42,0,1,0
42,0,2,0
42,0,3,0
42,0,4,0
42,0,5,1
42,1,0,0
42,1,1,0
42,1,2,0
42,1,3,0
42,1,4,0
42,1,5,0
42,2,0,0
42,2,1,0
42,2,2,0
42,2,3,0
42,2,4,0
42,2,5,0
42,3,0,0
42,3,1,0
42,3,2,0
42,3,3,0
42,3,4,0
42,3,5,0
42,4,0,0
42,4,1,0
42,4,2,0
42,4,3,0
42,4,4,0
42,4,5,0
42,5,0,0
42,5,1,0
42,5,2,0
42,5,3,0
42,5,4,0
42,5,5,0
42,6,0,0
42,6,1,0
42,6,2,0
42,6,3,0
42,6,4,0
42,6,5,0
42,7,0,0
42,7,1,0
42,7,2,0
42,7,3,0
42,7,4,0
42,7,5,0
42,8,0,0
42,8,1,0
42,8,2,0
42,8,3,0
42,8,4,0
42,8,5,0
42,9,0,0
42,9,1,0
42,9,2,0
42,9,3,0
42,9,4,0
42,9,5,0
42,10,0,0
42,10,1,0
42,10,2,0
42,10,3,0
42,10,4,0
42,10,5,0
42,11,0,0
42,11,1,0
42,11,2,0
42,11,3,0
42,11,4,0
42,11,5,0
43,0,0,0
43,0,1,0
43,0,2,0
43,0,3,0
43,0,4,0
43,0,5,0
43,1,0,0
43,1,1,0
43,1,2,0
43,1,3,0
43,1,4,0
43,1,5,0
43,2,0,0
43,2,1,0
43,2,2,0
43,2,3,0
43,2,4,1
43,2,5,0
43,3,0,0
43,3,1,0
43,3,2,0
43,3,3,0
43,3,4,0
43,3,5,0
43,4,0,0
43,4,1,0
43,4,2,0
43,4,3,0
43,4,4,0
43,4,5,0
43,5,0,0
43,5,1,0
43,5,2,0
43,5,3,0
43,5,4,0
43,5,5,0
43,6,0,0
43,6,1,0
43,6,2,0
43,6,3,0
43,6,4,0
43,6,5,1
43,7,0,0
43,7,1,0
43,7,2,0
43,7,3,0
43,7,4,0
43,7,5,0
43,8,0,0
43,8,1,0
43,8,2,0
43,8,3,0
43,8,4,0
43,8,5,0
43,9,0,0
43,9,1,0
43,9,2,0
43,9,3,1
43,9,4,0
43,9,5,0
43,10,0,0
43,10,1,0
43,10,2,0
43,10,3,0
43,10,4,0
43,10,5,0
43,11,0,0
43,11,1,0
43,11,2,0
43,11,3,0
43,11,4,0
43,11,5,0
44,0,0,0
44,0,1,0
44,0,2,0
44,0,3,0
44,0,4,0
44,0,5,0
44,1,0,1
44,1,1,0
44,1,2,0
44,1,3,0
44,1,4,0
44,1,5,0
44,2,0,0
44,2,1,0
44,2,2,0
44,2,3,0
44,2,4,0
44,2,5,0
44,3,0,0
44,3,1,0
44,3,2,0
44,3,3,0
44,3,4,0
44,3,5,0
44,4,0,0
44,4,1,0
44,4,2,0
44,4,3,0
44,4,4,0
44,4,5,0
44,5,0,0
44,5,1,0
44,5,2,0
44,5,3,1
44,5,4,0
44,5,5,0
44,6,0,0
44,6,1,0
44,6,2,0
44,6,3,0
44,6,4,0
44,6,5,0
44,7,0,0
44,7,1,0
44,7,2,0
44,7,3,0
44,7,4,0
44,7,5,0
44,8,0,0
44,8,1,0
44,8,2,0
44,8,3,0
44,8,4,0
44,8,5,0
44,9,0,0
44,9,1,0
44,9,2,0
44,9,3,0
44,9,4,0
44,9,5,0
44,10,0,0
44,10,1,0
44,10,2,0
44,10,3,0
44,10,4,0
44,10,5,0
44,11,0,0
44,11,1,0
44,11,2,0
44,11,3,0
44,11,4,0
44,11,5,0
45,0,0,0
45,0,1,0
45,0,2,0
45,0,3,0
45,0,4,1
45,0,5,0
45,1,0,0
45,1,1,0
45,1,2,0
45,1,3,0
45,1,4,0
45,1,5,0
45,2,0,0
45,2,1,0
45,2,2,0
45,2,3,0
45,2,4,0
45,2,5,0
45,3,0,0
45,3,1,0
45,3,2,0
45,3,3,0
45,3,4,0
45,3,5,0
45,4,0,1
45,4,1,0
45,4,2,0
45,4,3,0
45,4,4,0
45,4,5,0
45,5,0,0
45,5,1,0
45,5,2,0
45,5,3,0
45,5,4,0
45,5,5,0
45,6,0,0
45,6,1,0
45,6,2,0
45,6,3,0
45,6,4,0
45,6,5,0
45,7,0,0
45,7,1,0
45,7,2,0
45,7,3,0
45,7,4,0
45,7,5,0
45,8,0,1
45,8,1,0
45,8,2,0
45,8,3,0
45,8,4,0
45,8,5,0
45,9,0,0
45,9,1,0
45,9,2,0
45,9,3,0
45,9,4,0
45,9,5,0
45,10,0,0
45,10,1,0
45,10,2,0
45,10,3,0
45,10,4,0
45,10,5,0
45,11,0,0
45,11,1,0
45,11,2,0
45,11,3,0
45,11,4,0
45,11,5,0
46,0,0,0
46,0,1,0
46,0,2,0
46,0,3,0
46,0,4,0
46,0,5,0
46,1,0,0
46,1,1,0
46,1,2,0
46,1,3,0
46,1,4,0
46,1,5,0
46,2,0,0
46,2,1,0
46,2,2,0
46,2,3,0
46,2,4,0
46,2,5,0
46,3,0,0
46,3,1,0
46,3,2,0
46,3,3,0
46,3,4,0
46,3,5,0
46,4,0,0
46,4,1,0
46,4,2,1
46,4,3,0
46,4,4,0
46,4,5,0
46,5,0,0
46,5,1,0
46,5,2,0
46,5,3,0
46,5,4,0
46,5,5,0
46,6,0,0
46,6,1,0
46,6,2,0
46,6,3,0
46,6,4,0
46,6,5,0
46,7,0,0
46,7,1,0
46,7,2,0
46,7,3,0
46,7,4,0
46,7,5,0
46,8,0,0
46,8,1,0
46,8,2,0
46,8,3,0
46,8,4,0
46,8,5,0
46,9,0,0
46,9,1,0
46,9,2,0
46,9,3,0
46,9,4,0
46,9,5,0
46,10,0,0
46,10,1,0
46,10,2,0
46,10,3,0
46,10,4,0
46,10,5,0
46,11,0,0
46,11,1,0
46,11,2,0
46,11,3,0
46,11,4,0
46,11,5,0
47,0,0,0
47,0,1,0
47,0,2,0
47,0,3,0
47,0,4,0
47,0,5,0
47,1,0,0
47,1,1,0
47,1,2,0
47,1,3,0
47,1,4,0
47,1,5,1
47,2,0,0
47,2,1,0
47,2,2,0
47,2,3,0
47,2,4,0
47,2,5,0
47,3,0,0
47,3,1,0
47,3,2,0
47,3,3,0
47,3,4,0
47,3,5,0
47,4,0,0
47,4,1,0
47,4,2,0
47,4,3,0
47,4,4,0
47,4,5,0
47,5,0,0
47,5,1,0
47,5,2,0
47,5,3,0
47,5,4,0
47,5,5,0
47,6,0,0
47,6,1,0
47,6,2,0
47,6,3,0
47,6,4,0
47,6,5,0
47,7,0,1
47,7,1,0
47,7,2,0
47,7,3,0
47,7,4,0
47,7,5,0
47,8,0,0
47,8,1,0
47,8,2,0
47,8,3,0
47,8,4,0
47,8,5,0
47,9,0,0
47,9,1,0
47,9,2,0
47,9,3,1
47,9,4,0
47,9,5,0
47,10,0,0
47,10,1,0
47,10,2,0
47,10,3,0
47,10,4,0
47,10,5,0
47,11,0,0
47,11,1,0
47,11,2,0
47,11,3,0
47,11,4,0
47,11,5,0
48,0,0,0
48,0,1,0
48,0,2,0
48,0,3,0
48,0,4,0
48,0,5,0
48,1,0,0
48,1,1,0
48,1,2,0
48,1,3,0
48,1,4,0
48,1,5,0
48,2,0,0
48,2,1,0
48,2,2,0
48,2,3,0
48,2,4,0
48,2,5,0
48,3,0,0
48,3,1,0
48,3,2,0
48,3,3,0
48,3,4,0
48,3,5,0
48,4,0,1
48,4,1,0
48,4,2,0
48,4,3,0
48,4,4,0
48,4,5,0
48,5,0,0
48,5,1,0
48,5,2,0
48,5,3,0
48,5,4,0
48,5,5,0
48,6,0,0
48,6,1,0
48,6,2,0
48,6,3,0
48,6,4,0
48,6,5,0
48,7,0,0
48,7,1,0
48,7,2,0
48,7,3,0
48,7,4,0
48,7,5,0
48,8,0,0
48,8,1,0
48,8,2,0
48,8,3,0
48,8,4,0
48,8,5,0
48,9,0,0
48,9,1,0
48,9,2,0
48,9,3,0
48,9,4,0
48,9,5,0
48,10,0,0
48,10,1,0
48,10,2,0
48,10,3,0
48,10,4,0
48,10,5,0
48,11,0,0
48,11,1,0
48,11,2,0
48,11,3,0
48,11,4,0
48,11,5,0
49,0,0,0
49,0,1,0
49,0,2,0
49,0,3,0
49,0,4,0
49,0,5,0
49,1,0,0
49,1,1,0
49,1,2,1
49,1,3,0
49,1,4,0
49,1,5,0
49,2,0,0
49,2,1,0
49,2,2,0
49,2,3,0
49,2,4,0
49,2,5,0
49,3,0,0
49,3,1,0
49,3,2,0
49,3,3,0
49,3,4,0
49,3,5,0
49,4,0,0
49,4,1,0
49,4,2,0
49,4,3,0
49,4,4,0
49,4,5,0
49,5,0,1
49,5,1,0
49,5,2,0
49,5,3,0
49,5,4,0
49,5,5,0
49,6,0,0
49,6,1,0
49,6,2,0
49,6,3,0
49,6,4,0
49,6,5,0
49,7,0,0
49,7,1,0
49,7,2,0
49,7,3,0
49,7,4,0
49,7,5,0
49,8,0,0
49,8,1,0
49,8,2,0
49,8,3,0
49,8,4,0
49,8,5,0
49,9,0,0
49,9,1,0
49,9,2,0
49,9,3,0
49,9,4,0
49,9,5,0
49,10,0,0
49,10,1,0
49,10,2,0
49,10,3,0
49,10,4,0
49,10,5,0
49,11,0,0
49,11,1,0
49,11,2,0
49,11,3,0
49,11,4,0
49,11,5,0
50,0,0,0
50,0,1,0
50,0,2,0
50,0,3,1
50,0,4,0
50,0,5,0
50,1,0,0
50,1,1,0
50,1,2,0
50,1,3,0
50,1,4,0
50,1,5,0
50,2,0,0
50,2,1,0
50,2,2,0
50,2,3,0
50,2,4,0
50,2,5,0
50,3,0,0
50,3,1,0
50,3,2,0
50,3,3,0
50,3,4,0
50,3,5,1
50,4,0,0
50,4,1,0
50,4,2,0
50,4,3,0
50,4,4,0
50,4,5,0
50,5,0,0
50,5,1,0
50,5,2,0
50,5,3,0
50,5,4,0
50,5,5,0
50,6,0,0
50,6,1,0
50,6,2,0
50,6,3,0
50,6,4,1
50,6,5,0
50,7,0,0
50,7,1,0
50,7,2,0
50,7,3,0
50,7,4,0
50,7,5,0
50,8,0,0
50,8,1,0
50,8,2,0
50,8,3,0
50,8,4,0
50,8,5,0
50,9,0,0
50,9,1,0
50,9,2,0
50,9,3,1
50,9,4,0
50,9,5,0
50,10,0,0
50,10,1,0
50,10,2,0
50,10,3,0
50,10,4,0
50,10,5,0
50,11,0,0
50,11,1,0
50,11,2,0
50,11,3,0
50,11,4,0
50,11,5,0
51,0,0,0
51,0,1,0
51,0,2,0
51,0,3,0
51,0,4,0
51,0,5,0
51,1,0,1
51,1,1,0
51,1,2,0
51,1,3,0
51,1,4,0
51,1,5,0
51,2,0,0
51,2,1,0
51,2,2,0
51,2,3,0
51,2,4,0
51,2,5,0
51,3,0,0
51,3,1,0
51,3,2,0
51,3,3,1
51,3,4,0
51,3,5,0
51,4,0,0
51,4,1,0
51,4,2,0
51,4,3,0
51,4,4,0
51,4,5,0
51,5,0,0
51,5,1,0
51,5,2,0
51,5,3,0
51,5,4,0
51,5,5,0
51,6,0,0
51,6,1,0
51,6,2,0
51,6,3,0
51,6,4,0
51,6,5,0
51,7,0,0
51,7,1,0
51,7,2,0
51,7,3,0
51,7,4,0
51,7,5,0
51,8,0,0
51,8,1,0
51,8,2,0
51,8,3,0
51,8,4,0
51,8,5,0
51,9,0,0
51,9,1,0
51,9,2,0
51,9,3,0
51,9,4,0
51,9,5,0
51,10,0,0
51,10,1,0
51,10,2,0
51,10,3,0
51,10,4,0
51,10,5,0
51,11,0,0
51,11,1,0
51,11,2,0
51,11,3,0
51,11,4,0
51,11,5,0
52,0,0,0
52,0,1,0
52,0,2,0
52,0,3,0
52,0,4,0
52,0,5,0
52,1,0,0
52,1,1,0
52,1,2,0
52,1,3,0
52,1,4,0
52,1,5,0
52,2,0,0
52,2,1,0
52,2,2,0
52,2,3,0
52,2,4,0
52,2,5,0
52,3,0,0
52,3,1,0
52,3,2,0
52,3,3,0
52,3,4,0
52,3,5,0
52,4,0,0
52,4,1,0
52,4,2,0
52,4,3,0
52,4,4,0
52,4,5,0
52,5,0,0
52,5,1,0
52,5,2,0
52,5,3,0
52,5,4,0
52,5,5,0
52,6,0,0
52,6,1,0
52,6,2,0
52,6,3,0
52,6,4,0
52,6,5,0
52,7,0,0
52,7,1,0
52,7,2,0
52,7,3,0
52,7,4,0
52,7,5,0
52,8,0,1
52,8,1,0
52,8,2,0
52,8,3,0
52,8,4,0
52,8,5,0
52,9,0,0
52,9,1,0
52,9,2,0
52,9,3,0
52,9,4,0
52,9,5,0
52,10,0,0
52,10,1,0
52,10,2,0
52,10,3,0
52,10,4,0
52,10,5,0
52,11,0,0
52,11,1,0
52,11,2,0
52,11,3,0
52,11,4,0
52,11,5,0
53,0,0,0
53,0,1,0
53,0,2,0
53,0,3,0
53,0,4,0
53,0,5,0
53,1,0,0
53,1,1,0
53,1,2,0
53,1,3,0
53,1,4,0
53,1,5,0
53,2,0,1
53,2,1,0
53,2,2,0
53,2,3,0
53,2,4,0
53,2,5,0
53,3,0,0
53,3,1,0
53,3,2,0
53,3,3,0
53,3,4,0
53,3,5,0
53,4,0,0
53,4,1,0
53,4,2,0
53,4,3,0
53,4,4,0
53,4,5,0
53,5,0,0
53,5,1,0
53,5,2,0
53,5,3,0
53,5,4,0
53,5,5,0
53,6,0,0
53,6,1,0
53,6,2,0
53,6,3,0
53,6,4,0
53,6,5,0
53,7,0,0
53,7,1,0
53,7,2,0
53,7,3,0
53,7,4,0
53,7,5,0
53,8,0,0
53,8,1,0
53,8,2,0
53,8,3,0
53,8,4,0
53,8,5,0
53,9,0,0
53,9,1,0
53,9,2,0
53,9,3,1
53,9,4,0
53,9,5,0
53,10,0,0
53,10,1,0
53,10,2,0
53,10,3,0
53,10,4,0
53,10,5,0
53,11,0,0
53,11,1,0
53,11,2,0
53,11,3,0
53,11,4,0
53,11,5,0
54,0,0,0
54,0,1,0
54,0,2,0
54,0,3,1
54,0,4,0
54,0,5,0
54,1,0,0
54,1,1,0
54,1,2,0
54,1,3,0
54,1,4,0
54,1,5,0
54,2,0,0
54,2,1,0
54,2,2,0
54,2,3,1
54,2,4,0
54,2,5,0
54,3,0,0
54,3,1,0
54,3,2,0
54,3,3,0
54,3,4,0
54,3,5,0
54,4,0,0
54,4,1,0
54,4,2,0
54,4,3,0
54,4,4,0
54,4,5,0
54,5,0,1
54,5,1,0
54,5,2,0
54,5,3,0
54,5,4,0
54,5,5,0
54,6,0,0
54,6,1,0
54,6,2,0
54,6,3,0
54,6,4,0
54,6,5,0
54,7,0,0
54,7,1,0
54,7,2,0
54,7,3,0
54,7,4,0
54,7,5,0
54,8,0,0
54,8,1,0
54,8,2,0
54,8,3,0
54,8,4,0
54,8,5,0
54,9,0,0
54,9,1,0
54,9,2,0
54,9,3,0
54,9,4,0
54,9,5,0
54,10,0,0
54,10,1,0
54,10,2,0
54,10,3,0
54,10,4,0
54,10,5,0
54,11,0,0
54,11,1,0
54,11,2,0
54,11,3,0
54,11,4,0
54,11,5,0
55,0,0,0
55,0,1,0
55,0,2,0
55,0,3,0
55,0,4,0
55,0,5,0
55,1,0,0
55,1,1,0
55,1,2,0
55,1,3,0
55,1,4,0
55,1,5,0
55,2,0,0
55,2,1,1
55,2,2,0
55,2,3,0
55,2,4,0
55,2,5,0
55,3,0,0
55,3,1,0
55,3,2,0
55,3,3,0
55,3,4,0
55,3,5,0
55,4,0,0
55,4,1,0
55,4,2,0
55,4,3,0
55,4,4,0
55,4,5,0
55,5,0,0
55,5,1,0
55,5,2,0
55,5,3,0
55,5,4,0
55,5,5,0
55,6,0,0
55,6,1,0
55,6,2,0
55,6,3,0
55,6,4,0
55,6,5,0
55,7,0,0
55,7,1,0
55,7,2,0
55,7,3,0
55,7,4,0
55,7,5,1
55,8,0,0
55,8,1,0
55,8,2,0
55,8,3,0
55,8,4,0
55,8,5,0
55,9,0,0
55,9,1,0
55,9,2,0
55,9,3,0
55,9,4,0
55,9,5,0
55,10,0,0
55,10,1,0
55,10,2,0
55,10,3,0
55,10,4,0
55,10,5,0
55,11,0,0
55,11,1,0
55,11,2,0
55,11,3,0
55,11,4,0
55,11,5,0
56,0,0,0
56,0,1,0
56,0,2,0
56,0,3,0
56,0,4,1
56,0,5,0
56,1,0,0
56,1,1,0
56,1,2,0
56,1,3,0
56,1,4,0
56,1,5,0
56,2,0,0
56,2,1,0
56,2,2,0
56,2,3,0
56,2,4,0
56,2,5,0
56,3,0,0
56,3,1,0
56,3,2,0
56,3,3,0
56,3,4,0
56,3,5,0
56,4,0,0
56,4,1,0
56,4,2,0
56,4,3,0
56,4,4,1
56,4,5,0
56,5,0,0
56,5,1,0
56,5,2,0
56,5,3,0
56,5,4,0
56,5,5,0
56,6,0,0
56,6,1,0
56,6,2,0
56,6,3,0
56,6,4,0
56,6,5,0
56,7,0,0
56,7,1,0
56,7,2,0
56,7,3,0
56,7,4,0
56,7,5,0
56,8,0,0
56,8,1,0
56,8,2,0
56,8,3,0
56,8,4,0
56,8,5,0
56,9,0,0
56,9,1,0
56,9,2,0
56,9,3,0
56,9,4,0
56,9,5,0
56,10,0,0
56,10,1,0
56,10,2,0
56,10,3,0
56,10,4,0
56,10,5,0
56,11,0,0
56,11,1,0
56,11,2,0
56,11,3,0
56,11,4,0
56,11,5,0
57,0,0,0
57,0,1,0
57,0,2,0
57,0,3,0
57,0,4,0
57,0,5,0
57,1,0,0
57,1,1,0
57,1,2,0
57,1,3,0
57,1,4,0
57,1,5,0
57,2,0,0
57,2,1,0
57,2,2,0
57,2,3,0
57,2,4,0
57,2,5,0
57,3,0,0
57,3,1,0
57,3,2,0
57,3,3,0
57,3,4,0
57,3,5,0
57,4,0,0
57,4,1,0
57,4,2,0
57,4,3,0
57,4,4,0
57,4,5,0
57,5,0,0
57,5,1,0
57,5,2,0
57,5,3,0
57,5,4,1
57,5,5,0
57,6,0,0
57,6,1,0
57,6,2,0
57,6,3,0
57,6,4,0
57,6,5,0
57,7,0,0
57,7,1,0
57,7,2,0
57,7,3,0
57,7,4,0
57,7,5,0
57,8,0,1
57,8,1,0
57,8,2,0
57,8,3,0
57,8,4,0
57,8,5,0
57,9,0,0
57,9,1,0
57,9,2,0
57,9,3,0
57,9,4,0
57,9,5,0
57,10,0,0
57,10,1,0
57,10,2,0
57,10,3,0
57,10,4,0
57,10,5,0
57,11,0,0
57,11,1,0
57,11,2,0
57,11,3,0
57,11,4,0
57,11,5,0
58,0,0,0
58,0,1,0
58,0,2,0
58,0,3,0
58,0,4,0
58,0,5,0
58,1,0,0
58,1,1,0
58,1,2,0
58,1,3,0
58,1,4,0
58,1,5,0
58,2,0,0
58,2,1,0
58,2,2,0
58,2,3,0
58,2,4,0
58,2,5,0
58,3,0,0
58,3,1,0
58,3,2,1
58,3,3,0
58,3,4,0
58,3,5,0
58,4,0,0
58,4,1,0
58,4,2,0
58,4,3,0
58,4,4,0
58,4,5,0
58,5,0,0
58,5,1,0
58,5,2,0
58,5,3,0
58,5,4,0
58,5,5,0
58,6,0,1
58,6,1,0
58,6,2,0
58,6,3,0
58,6,4,0
58,6,5,0
58,7,0,0
58,7,1,0
58,7,2,0
58,7,3,0
58,7,4,0
58,7,5,0
58,8,0,0
58,8,1,0
58,8,2,0
58,8,3,0
58,8,4,0
58,8,5,0
58,9,0,0
58,9,1,0
58,9,2,0
58,9,3,0
58,9,4,0
58,9,5,0
58,10,0,0
58,10,1,0
58,10,2,0
58,10,3,0
58,10,4,0
58,10,5,0
58,11,0,0
58,11,1,0
58,11,2,0
58,11,3,0
58,11,4,0
58,11,5,0
59,0,0,0
59,0,1,0
59,0,2,0
59,0,3,0
59,0,4,0
59,0,5,0
59,1,0,0
59,1,1,0
59,1,2,1
59,1,3,0
59,1,4,0
59,1,5,0
59,2,0,0
59,2,1,0
59,2,2,0
59,2,3,0
59,2,4,0
59,2,5,0
59,3,0,0
59,3,1,0
59,3,2,0
59,3,3,0
59,3,4,0
59,3,5,0
59,4,0,0
59,4,1,0
59,4,2,0
59,4,3,0
59,4,4,0
59,4,5,0
59,5,0,0
59,5,1,0
59,5,2,0
59,5,3,0
59,5,4,0
59,5,5,0
59,6,0,1
59,6,1,0
59,6,2,0
59,6,3,0
59,6,4,0
59,6,5,0
59,7,0,0
59,7,1,0
59,7,2,0
59,7,3,0
59,7,4,0
59,7,5,0
59,8,0,0
59,8,1,0
59,8,2,0
59,8,3,0
59,8,4,0
59,8,5,0
59,9,0,0
59,9,1,0
59,9,2,0
59,9,3,0
59,9,4,0
59,9,5,0
59,10,0,0
59,10,1,0
59,10,2,0
59,10,3,0
59,10,4,0
59,10,5,0
59,11,0,0
59,11,1,0
59,11,2,0
59,11,3,0
59,11,4,0
59,11,5,0
